109	cp_weather	天气	2017-05-28-00	8	1.0	0	0.0	8	2017-05-28	20170528
109	cp_weather	天气	2017-05-28-01	8	1.0	0	0.0	8	2017-05-28	20170528
109	cp_weather	天气	2017-05-28-02	8	1.0	0	0.0	8	2017-05-28	20170528
109	cp_weather	天气	2017-05-28-03	8	1.0	0	0.0	8	2017-05-28	20170528
109	cp_weather	天气	2017-05-28-04	3	1.0	0	0.0	3	2017-05-28	20170528
109	cp_weather	天气	2017-05-28-05	3	1.0	0	0.0	3	2017-05-28	20170528
109	cp_weather	天气	2017-05-28-06	2	1.0	0	0.0	2	2017-05-28	20170528
109	cp_weather	天气	2017-05-28-07	2	1.0	0	0.0	2	2017-05-28	20170528
109	cp_weather	天气	2017-05-28-08	2	1.0	0	0.0	2	2017-05-28	20170528
109	cp_weather	天气	2017-05-28-09	2	1.0	0	0.0	2	2017-05-28	20170528
109	cp_weather	天气	2017-05-28-10	3	1.0	0	0.0	3	2017-05-28	20170528
109	cp_weather	天气	2017-05-28-12	2	1.0	0	0.0	2	2017-05-28	20170528
109	cp_weather	天气	2017-05-28-13	3	1.0	0	0.0	3	2017-05-28	20170528
109	cp_weather	天气	2017-05-28-14	1	1.0	0	0.0	1	2017-05-28	20170528
109	cp_weather	天气	2017-05-28-15	3	1.0	0	0.0	3	2017-05-28	20170528
109	cp_weather	天气	2017-05-28-16	1	1.0	0	0.0	1	2017-05-28	20170528
109	cp_weather	天气	2017-05-28-17	3	1.0	0	0.0	3	2017-05-28	20170528
109	cp_weather	天气	2017-05-28-18	3	1.0	0	0.0	3	2017-05-28	20170528
109	cp_weather	天气	2017-05-28-19	1	1.0	0	0.0	1	2017-05-28	20170528
109	cp_weather	天气	2017-05-28-20	2	1.0	0	0.0	2	2017-05-28	20170528
109	cp_weather	天气	2017-05-28-21	2	1.0	0	0.0	2	2017-05-28	20170528
109	cp_weather	天气	2017-05-28-22	2	1.0	0	0.0	2	2017-05-28	20170528
109	cp_weather	天气	2017-05-28-23	1	1.0	0	0.0	1	2017-05-28	20170528
113	cp_radio	电台	2017-05-28-00	5	1.0	0	0.0	5	2017-05-28	20170528
113	cp_radio	电台	2017-05-28-01	5	1.0	0	0.0	5	2017-05-28	20170528
113	cp_radio	电台	2017-05-28-02	16	1.0	0	0.0	16	2017-05-28	20170528
113	cp_radio	电台	2017-05-28-03	46	1.0	0	0.0	46	2017-05-28	20170528
113	cp_radio	电台	2017-05-28-04	23	0.92	2	0.08	25	2017-05-28	20170528
113	cp_radio	电台	2017-05-28-05	46	1.0	0	0.0	46	2017-05-28	20170528
113	cp_radio	电台	2017-05-28-06	5	1.0	0	0.0	5	2017-05-28	20170528
113	cp_radio	电台	2017-05-28-07	46	1.0	0	0.0	46	2017-05-28	20170528
113	cp_radio	电台	2017-05-28-08	46	1.0	0	0.0	46	2017-05-28	20170528
113	cp_radio	电台	2017-05-28-09	46	1.0	0	0.0	46	2017-05-28	20170528
113	cp_radio	电台	2017-05-28-10	5	1.0	0	0.0	5	2017-05-28	20170528
113	cp_radio	电台	2017-05-28-11	5	1.0	0	0.0	5	2017-05-28	20170528
113	cp_radio	电台	2017-05-28-12	21	0.84	4	0.16	25	2017-05-28	20170528
113	cp_radio	电台	2017-05-28-13	736	1.0	0	0.0	736	2017-05-28	20170528
113	cp_radio	电台	2017-05-28-14	1104	1.0	0	0.0	1104	2017-05-28	20170528
113	cp_radio	电台	2017-05-28-15	1095	1.0	0	0.0	1095	2017-05-28	20170528
113	cp_radio	电台	2017-05-28-16	1145	1.0	0	0.0	1145	2017-05-28	20170528
113	cp_radio	电台	2017-05-28-17	1152	1.0	0	0.0	1152	2017-05-28	20170528
113	cp_radio	电台	2017-05-28-18	1305	0.993151	9	0.006849	1314	2017-05-28	20170528
113	cp_radio	电台	2017-05-28-19	1249	1.0	0	0.0	1249	2017-05-28	20170528
113	cp_radio	电台	2017-05-28-20	1232	1.0	0	0.0	1232	2017-05-28	20170528
113	cp_radio	电台	2017-05-28-21	1274	1.0	0	0.0	1274	2017-05-28	20170528
113	cp_radio	电台	2017-05-28-22	1271	1.0	0	0.0	1271	2017-05-28	20170528
113	cp_radio	电台	2017-05-28-23	1295	1.0	0	0.0	1295	2017-05-28	20170528
109	cp_weather	天气	2017-05-28-23	2	1.0	0	0.0	2	2017-05-29	20170529
109	cp_weather	天气	2017-05-29-00	1	1.0	0	0.0	1	2017-05-29	20170529
109	cp_weather	天气	2017-05-29-01	2	1.0	0	0.0	2	2017-05-29	20170529
109	cp_weather	天气	2017-05-29-02	3	1.0	0	0.0	3	2017-05-29	20170529
109	cp_weather	天气	2017-05-29-03	1	1.0	0	0.0	1	2017-05-29	20170529
109	cp_weather	天气	2017-05-29-04	1	1.0	0	0.0	1	2017-05-29	20170529
109	cp_weather	天气	2017-05-29-05	4	1.0	0	0.0	4	2017-05-29	20170529
109	cp_weather	天气	2017-05-29-07	3	1.0	0	0.0	3	2017-05-29	20170529
109	cp_weather	天气	2017-05-29-08	3	1.0	0	0.0	3	2017-05-29	20170529
109	cp_weather	天气	2017-05-29-09	2	1.0	0	0.0	2	2017-05-29	20170529
109	cp_weather	天气	2017-05-29-10	1	1.0	0	0.0	1	2017-05-29	20170529
109	cp_weather	天气	2017-05-29-11	1	1.0	0	0.0	1	2017-05-29	20170529
109	cp_weather	天气	2017-05-29-12	3	1.0	0	0.0	3	2017-05-29	20170529
109	cp_weather	天气	2017-05-29-13	1	1.0	0	0.0	1	2017-05-29	20170529
109	cp_weather	天气	2017-05-29-14	2	1.0	0	0.0	2	2017-05-29	20170529
109	cp_weather	天气	2017-05-29-15	2	1.0	0	0.0	2	2017-05-29	20170529
109	cp_weather	天气	2017-05-29-16	1	1.0	0	0.0	1	2017-05-29	20170529
109	cp_weather	天气	2017-05-29-17	3	0.75	1	0.25	4	2017-05-29	20170529
109	cp_weather	天气	2017-05-29-18	1	1.0	0	0.0	1	2017-05-29	20170529
109	cp_weather	天气	2017-05-29-19	2	1.0	0	0.0	2	2017-05-29	20170529
109	cp_weather	天气	2017-05-29-20	1	1.0	0	0.0	1	2017-05-29	20170529
109	cp_weather	天气	2017-05-29-21	3	1.0	0	0.0	3	2017-05-29	20170529
109	cp_weather	天气	2017-05-29-22	2	1.0	0	0.0	2	2017-05-29	20170529
109	cp_weather	天气	2017-05-29-23	1	1.0	0	0.0	1	2017-05-29	20170529
113	cp_radio	电台	2017-05-29-00	1243	1.0	0	0.0	1243	2017-05-29	20170529
113	cp_radio	电台	2017-05-29-01	1195	1.0	0	0.0	1195	2017-05-29	20170529
113	cp_radio	电台	2017-05-29-02	1236	1.0	0	0.0	1236	2017-05-29	20170529
113	cp_radio	电台	2017-05-29-03	1272	1.0	0	0.0	1272	2017-05-29	20170529
113	cp_radio	电台	2017-05-29-04	1280	1.0	0	0.0	1280	2017-05-29	20170529
113	cp_radio	电台	2017-05-29-05	1284	1.0	0	0.0	1284	2017-05-29	20170529
113	cp_radio	电台	2017-05-29-06	1278	1.0	0	0.0	1278	2017-05-29	20170529
113	cp_radio	电台	2017-05-29-07	1376	1.0	0	0.0	1376	2017-05-29	20170529
113	cp_radio	电台	2017-05-29-08	1279	1.0	0	0.0	1279	2017-05-29	20170529
113	cp_radio	电台	2017-05-29-09	1373	1.0	0	0.0	1373	2017-05-29	20170529
113	cp_radio	电台	2017-05-29-10	1235	1.0	0	0.0	1235	2017-05-29	20170529
113	cp_radio	电台	2017-05-29-11	1260	1.0	0	0.0	1260	2017-05-29	20170529
113	cp_radio	电台	2017-05-29-12	155	1.0	0	0.0	155	2017-05-29	20170529
113	cp_radio	电台	2017-05-29-13	46	1.0	0	0.0	46	2017-05-29	20170529
113	cp_radio	电台	2017-05-29-14	129	1.0	0	0.0	129	2017-05-29	20170529
113	cp_radio	电台	2017-05-29-15	98	1.0	0	0.0	98	2017-05-29	20170529
113	cp_radio	电台	2017-05-29-16	121	1.0	0	0.0	121	2017-05-29	20170529
113	cp_radio	电台	2017-05-29-17	123	1.0	0	0.0	123	2017-05-29	20170529
113	cp_radio	电台	2017-05-29-18	46	1.0	0	0.0	46	2017-05-29	20170529
113	cp_radio	电台	2017-05-29-19	5	1.0	0	0.0	5	2017-05-29	20170529
113	cp_radio	电台	2017-05-29-20	35	1.0	0	0.0	35	2017-05-29	20170529
113	cp_radio	电台	2017-05-29-21	5	1.0	0	0.0	5	2017-05-29	20170529
113	cp_radio	电台	2017-05-29-22	5	1.0	0	0.0	5	2017-05-29	20170529
113	cp_radio	电台	2017-05-29-23	44	1.0	0	0.0	44	2017-05-29	20170529
109	cp_weather	天气	2017-05-30-00	3	1.0	0	0.0	3	2017-05-30	20170530
109	cp_weather	天气	2017-05-30-01	1	1.0	0	0.0	1	2017-05-30	20170530
109	cp_weather	天气	2017-05-30-02	4	1.0	0	0.0	4	2017-05-30	20170530
109	cp_weather	天气	2017-05-30-04	3	1.0	0	0.0	3	2017-05-30	20170530
109	cp_weather	天气	2017-05-30-05	2	1.0	0	0.0	2	2017-05-30	20170530
109	cp_weather	天气	2017-05-30-06	1	1.0	0	0.0	1	2017-05-30	20170530
109	cp_weather	天气	2017-05-30-07	3	1.0	0	0.0	3	2017-05-30	20170530
109	cp_weather	天气	2017-05-30-08	2	1.0	0	0.0	2	2017-05-30	20170530
109	cp_weather	天气	2017-05-30-09	3	1.0	0	0.0	3	2017-05-30	20170530
109	cp_weather	天气	2017-05-30-10	1	1.0	0	0.0	1	2017-05-30	20170530
109	cp_weather	天气	2017-05-30-11	3	1.0	0	0.0	3	2017-05-30	20170530
109	cp_weather	天气	2017-05-30-12	2	1.0	0	0.0	2	2017-05-30	20170530
109	cp_weather	天气	2017-05-30-13	2	1.0	0	0.0	2	2017-05-30	20170530
109	cp_weather	天气	2017-05-30-14	1	1.0	0	0.0	1	2017-05-30	20170530
109	cp_weather	天气	2017-05-30-16	3	1.0	0	0.0	3	2017-05-30	20170530
109	cp_weather	天气	2017-05-30-17	1	1.0	0	0.0	1	2017-05-30	20170530
109	cp_weather	天气	2017-05-30-18	2	1.0	0	0.0	2	2017-05-30	20170530
109	cp_weather	天气	2017-05-30-19	2	1.0	0	0.0	2	2017-05-30	20170530
109	cp_weather	天气	2017-05-30-20	4	1.0	0	0.0	4	2017-05-30	20170530
109	cp_weather	天气	2017-05-30-21	1	1.0	0	0.0	1	2017-05-30	20170530
109	cp_weather	天气	2017-05-30-22	2	1.0	0	0.0	2	2017-05-30	20170530
109	cp_weather	天气	2017-05-30-23	2	1.0	0	0.0	2	2017-05-30	20170530
113	cp_radio	电台	2017-05-30-00	5	1.0	0	0.0	5	2017-05-30	20170530
113	cp_radio	电台	2017-05-30-01	5	1.0	0	0.0	5	2017-05-30	20170530
113	cp_radio	电台	2017-05-30-02	46	1.0	0	0.0	46	2017-05-30	20170530
113	cp_radio	电台	2017-05-30-03	5	1.0	0	0.0	5	2017-05-30	20170530
113	cp_radio	电台	2017-05-30-04	35	1.0	0	0.0	35	2017-05-30	20170530
113	cp_radio	电台	2017-05-30-05	5	1.0	0	0.0	5	2017-05-30	20170530
113	cp_radio	电台	2017-05-30-06	46	1.0	0	0.0	46	2017-05-30	20170530
113	cp_radio	电台	2017-05-30-07	1637	1.0	0	0.0	1637	2017-05-30	20170530
113	cp_radio	电台	2017-05-30-08	5	1.0	0	0.0	5	2017-05-30	20170530
113	cp_radio	电台	2017-05-30-09	46	1.0	0	0.0	46	2017-05-30	20170530
113	cp_radio	电台	2017-05-30-10	183	1.0	0	0.0	183	2017-05-30	20170530
113	cp_radio	电台	2017-05-30-11	181	0.989071	2	0.010929	183	2017-05-30	20170530
113	cp_radio	电台	2017-05-30-12	25	1.0	0	0.0	25	2017-05-30	20170530
113	cp_radio	电台	2017-05-30-13	5	1.0	0	0.0	5	2017-05-30	20170530
113	cp_radio	电台	2017-05-30-14	47	1.0	0	0.0	47	2017-05-30	20170530
113	cp_radio	电台	2017-05-30-15	45	1.0	0	0.0	45	2017-05-30	20170530
113	cp_radio	电台	2017-05-30-16	347	1.0	0	0.0	347	2017-05-30	20170530
113	cp_radio	电台	2017-05-30-17	235	1.0	0	0.0	235	2017-05-30	20170530
113	cp_radio	电台	2017-05-30-18	329	1.0	0	0.0	329	2017-05-30	20170530
113	cp_radio	电台	2017-05-30-19	5	1.0	0	0.0	5	2017-05-30	20170530
113	cp_radio	电台	2017-05-30-20	24	0.96	1	0.04	25	2017-05-30	20170530
113	cp_radio	电台	2017-05-30-21	5	1.0	0	0.0	5	2017-05-30	20170530
113	cp_radio	电台	2017-05-30-22	42	1.0	0	0.0	42	2017-05-30	20170530
113	cp_radio	电台	2017-05-30-23	5	1.0	0	0.0	5	2017-05-30	20170530
109	cp_weather	天气	2017-06-05-00	2	1.0	0	0.0	2	2017-06-05	20170605
109	cp_weather	天气	2017-06-05-01	2	1.0	0	0.0	2	2017-06-05	20170605
109	cp_weather	天气	2017-06-05-02	2	1.0	0	0.0	2	2017-06-05	20170605
109	cp_weather	天气	2017-06-05-03	2	1.0	0	0.0	2	2017-06-05	20170605
109	cp_weather	天气	2017-06-05-04	2	1.0	0	0.0	2	2017-06-05	20170605
109	cp_weather	天气	2017-06-05-05	2	1.0	0	0.0	2	2017-06-05	20170605
109	cp_weather	天气	2017-06-05-07	2	1.0	0	0.0	2	2017-06-05	20170605
109	cp_weather	天气	2017-06-05-08	2	1.0	0	0.0	2	2017-06-05	20170605
109	cp_weather	天气	2017-06-05-09	2	1.0	0	0.0	2	2017-06-05	20170605
109	cp_weather	天气	2017-06-05-10	2	1.0	0	0.0	2	2017-06-05	20170605
109	cp_weather	天气	2017-06-05-11	9	1.0	0	0.0	9	2017-06-05	20170605
109	cp_weather	天气	2017-06-05-12	8	0.888889	1	0.111111	9	2017-06-05	20170605
109	cp_weather	天气	2017-06-05-13	8	1.0	0	0.0	8	2017-06-05	20170605
109	cp_weather	天气	2017-06-05-14	14	1.0	0	0.0	14	2017-06-05	20170605
109	cp_weather	天气	2017-06-05-15	14	1.0	0	0.0	14	2017-06-05	20170605
109	cp_weather	天气	2017-06-05-16	14	1.0	0	0.0	14	2017-06-05	20170605
109	cp_weather	天气	2017-06-05-17	14	1.0	0	0.0	14	2017-06-05	20170605
109	cp_weather	天气	2017-06-05-18	11	0.846154	2	0.153846	13	2017-06-05	20170605
109	cp_weather	天气	2017-06-05-19	14	0.875	2	0.125	16	2017-06-05	20170605
109	cp_weather	天气	2017-06-05-20	16	1.0	0	0.0	16	2017-06-05	20170605
109	cp_weather	天气	2017-06-05-21	15	1.0	0	0.0	15	2017-06-05	20170605
109	cp_weather	天气	2017-06-05-22	20	1.0	0	0.0	20	2017-06-05	20170605
109	cp_weather	天气	2017-06-05-23	20	1.0	0	0.0	20	2017-06-05	20170605
113	cp_radio	电台	2017-06-05-00	5	1.0	0	0.0	5	2017-06-05	20170605
113	cp_radio	电台	2017-06-05-01	5	1.0	0	0.0	5	2017-06-05	20170605
113	cp_radio	电台	2017-06-05-02	5	1.0	0	0.0	5	2017-06-05	20170605
113	cp_radio	电台	2017-06-05-03	46	0.978723	1	0.021277	47	2017-06-05	20170605
113	cp_radio	电台	2017-06-05-04	96	1.0	0	0.0	96	2017-06-05	20170605
113	cp_radio	电台	2017-06-05-05	46	1.0	0	0.0	46	2017-06-05	20170605
113	cp_radio	电台	2017-06-05-06	5	1.0	0	0.0	5	2017-06-05	20170605
113	cp_radio	电台	2017-06-05-07	5	1.0	0	0.0	5	2017-06-05	20170605
113	cp_radio	电台	2017-06-05-08	19	1.0	0	0.0	19	2017-06-05	20170605
113	cp_radio	电台	2017-06-05-09	245	0.995935	1	0.004065	246	2017-06-05	20170605
113	cp_radio	电台	2017-06-05-10	980	1.0	0	0.0	980	2017-06-05	20170605
113	cp_radio	电台	2017-06-05-11	1097	1.0	0	0.0	1097	2017-06-05	20170605
113	cp_radio	电台	2017-06-05-12	691	1.0	0	0.0	691	2017-06-05	20170605
113	cp_radio	电台	2017-06-05-13	1304	1.0	0	0.0	1304	2017-06-05	20170605
113	cp_radio	电台	2017-06-05-14	1519	0.999342	1	6.58E-4	1520	2017-06-05	20170605
113	cp_radio	电台	2017-06-05-15	1396	0.998569	2	0.001431	1398	2017-06-05	20170605
113	cp_radio	电台	2017-06-05-16	1470	1.0	0	0.0	1470	2017-06-05	20170605
113	cp_radio	电台	2017-06-05-17	2014	1.0	0	0.0	2014	2017-06-05	20170605
113	cp_radio	电台	2017-06-05-18	1875	1.0	0	0.0	1875	2017-06-05	20170605
113	cp_radio	电台	2017-06-05-19	660	1.0	0	0.0	660	2017-06-05	20170605
113	cp_radio	电台	2017-06-05-20	731	1.0	0	0.0	731	2017-06-05	20170605
113	cp_radio	电台	2017-06-05-21	435	1.0	0	0.0	435	2017-06-05	20170605
113	cp_radio	电台	2017-06-05-22	366	1.0	0	0.0	366	2017-06-05	20170605
113	cp_radio	电台	2017-06-05-23	369	1.0	0	0.0	369	2017-06-05	20170605
109	cp_weather	天气	2017-06-06-00	20	1.0	0	0.0	20	2017-06-06	20170606
109	cp_weather	天气	2017-06-06-01	22	1.0	0	0.0	22	2017-06-06	20170606
109	cp_weather	天气	2017-06-06-02	20	1.0	0	0.0	20	2017-06-06	20170606
109	cp_weather	天气	2017-06-06-03	20	1.0	0	0.0	20	2017-06-06	20170606
109	cp_weather	天气	2017-06-06-04	20	1.0	0	0.0	20	2017-06-06	20170606
109	cp_weather	天气	2017-06-06-05	20	1.0	0	0.0	20	2017-06-06	20170606
109	cp_weather	天气	2017-06-06-06	20	1.0	0	0.0	20	2017-06-06	20170606
109	cp_weather	天气	2017-06-06-07	20	1.0	0	0.0	20	2017-06-06	20170606
109	cp_weather	天气	2017-06-06-08	19	1.0	0	0.0	19	2017-06-06	20170606
109	cp_weather	天气	2017-06-06-09	28	0.965517	1	0.034483	29	2017-06-06	20170606
109	cp_weather	天气	2017-06-06-10	17	1.0	0	0.0	17	2017-06-06	20170606
109	cp_weather	天气	2017-06-06-11	19	1.0	0	0.0	19	2017-06-06	20170606
109	cp_weather	天气	2017-06-06-12	20	0.952381	1	0.047619	21	2017-06-06	20170606
109	cp_weather	天气	2017-06-06-13	20	1.0	0	0.0	20	2017-06-06	20170606
109	cp_weather	天气	2017-06-06-14	20	1.0	0	0.0	20	2017-06-06	20170606
109	cp_weather	天气	2017-06-06-15	14	1.0	0	0.0	14	2017-06-06	20170606
109	cp_weather	天气	2017-06-06-16	9	1.0	0	0.0	9	2017-06-06	20170606
109	cp_weather	天气	2017-06-06-17	14	1.0	0	0.0	14	2017-06-06	20170606
109	cp_weather	天气	2017-06-06-18	12	1.0	0	0.0	12	2017-06-06	20170606
109	cp_weather	天气	2017-06-06-19	14	1.0	0	0.0	14	2017-06-06	20170606
109	cp_weather	天气	2017-06-06-20	14	0.933333	1	0.066667	15	2017-06-06	20170606
109	cp_weather	天气	2017-06-06-21	12	1.0	0	0.0	12	2017-06-06	20170606
109	cp_weather	天气	2017-06-06-22	8	1.0	0	0.0	8	2017-06-06	20170606
109	cp_weather	天气	2017-06-06-23	8	1.0	0	0.0	8	2017-06-06	20170606
113	cp_radio	电台	2017-06-06-00	170	1.0	0	0.0	170	2017-06-06	20170606
113	cp_radio	电台	2017-06-06-01	207	1.0	0	0.0	207	2017-06-06	20170606
113	cp_radio	电台	2017-06-06-02	246	1.0	0	0.0	246	2017-06-06	20170606
113	cp_radio	电台	2017-06-06-03	133	1.0	0	0.0	133	2017-06-06	20170606
113	cp_radio	电台	2017-06-06-04	320	0.996885	1	0.003115	321	2017-06-06	20170606
113	cp_radio	电台	2017-06-06-05	185	1.0	0	0.0	185	2017-06-06	20170606
113	cp_radio	电台	2017-06-06-06	129	1.0	0	0.0	129	2017-06-06	20170606
113	cp_radio	电台	2017-06-06-07	493	1.0	0	0.0	493	2017-06-06	20170606
113	cp_radio	电台	2017-06-06-08	291	0.993174	2	0.006826	293	2017-06-06	20170606
113	cp_radio	电台	2017-06-06-09	987	0.998988	1	0.001012	988	2017-06-06	20170606
113	cp_radio	电台	2017-06-06-10	1734	0.998848	2	0.001152	1736	2017-06-06	20170606
113	cp_radio	电台	2017-06-06-11	2088	0.999043	2	9.57E-4	2090	2017-06-06	20170606
113	cp_radio	电台	2017-06-06-12	1956	1.0	0	0.0	1956	2017-06-06	20170606
113	cp_radio	电台	2017-06-06-13	1928	0.999482	1	5.18E-4	1929	2017-06-06	20170606
113	cp_radio	电台	2017-06-06-14	3094	1.0	0	0.0	3094	2017-06-06	20170606
113	cp_radio	电台	2017-06-06-15	2359	1.0	0	0.0	2359	2017-06-06	20170606
113	cp_radio	电台	2017-06-06-16	2781	1.0	0	0.0	2781	2017-06-06	20170606
113	cp_radio	电台	2017-06-06-17	1853	1.0	0	0.0	1853	2017-06-06	20170606
113	cp_radio	电台	2017-06-06-18	4351	0.997707	10	0.002293	4361	2017-06-06	20170606
113	cp_radio	电台	2017-06-06-19	4541	1.0	0	0.0	4541	2017-06-06	20170606
113	cp_radio	电台	2017-06-06-20	3229	1.0	0	0.0	3229	2017-06-06	20170606
113	cp_radio	电台	2017-06-06-21	3396	1.0	0	0.0	3396	2017-06-06	20170606
113	cp_radio	电台	2017-06-06-22	2998	1.0	0	0.0	2998	2017-06-06	20170606
113	cp_radio	电台	2017-06-06-23	2769	1.0	0	0.0	2769	2017-06-06	20170606
109	cp_weather	天气	2017-06-07-00	8	1.0	0	0.0	8	2017-06-07	20170607
109	cp_weather	天气	2017-06-07-01	8	1.0	0	0.0	8	2017-06-07	20170607
109	cp_weather	天气	2017-06-07-02	8	1.0	0	0.0	8	2017-06-07	20170607
109	cp_weather	天气	2017-06-07-03	8	1.0	0	0.0	8	2017-06-07	20170607
109	cp_weather	天气	2017-06-07-04	8	1.0	0	0.0	8	2017-06-07	20170607
109	cp_weather	天气	2017-06-07-05	8	1.0	0	0.0	8	2017-06-07	20170607
109	cp_weather	天气	2017-06-07-06	8	1.0	0	0.0	8	2017-06-07	20170607
109	cp_weather	天气	2017-06-07-07	8	1.0	0	0.0	8	2017-06-07	20170607
109	cp_weather	天气	2017-06-07-08	8	1.0	0	0.0	8	2017-06-07	20170607
109	cp_weather	天气	2017-06-07-09	8	1.0	0	0.0	8	2017-06-07	20170607
109	cp_weather	天气	2017-06-07-10	8	1.0	0	0.0	8	2017-06-07	20170607
109	cp_weather	天气	2017-06-07-11	9	1.0	0	0.0	9	2017-06-07	20170607
109	cp_weather	天气	2017-06-07-12	8	1.0	0	0.0	8	2017-06-07	20170607
109	cp_weather	天气	2017-06-07-13	8	1.0	0	0.0	8	2017-06-07	20170607
109	cp_weather	天气	2017-06-07-14	8	1.0	0	0.0	8	2017-06-07	20170607
109	cp_weather	天气	2017-06-07-15	8	1.0	0	0.0	8	2017-06-07	20170607
109	cp_weather	天气	2017-06-07-16	14	1.0	0	0.0	14	2017-06-07	20170607
109	cp_weather	天气	2017-06-07-17	14	1.0	0	0.0	14	2017-06-07	20170607
109	cp_weather	天气	2017-06-07-18	5	1.0	0	0.0	5	2017-06-07	20170607
109	cp_weather	天气	2017-06-07-19	5	1.0	0	0.0	5	2017-06-07	20170607
109	cp_weather	天气	2017-06-07-20	8	1.0	0	0.0	8	2017-06-07	20170607
109	cp_weather	天气	2017-06-07-21	8	1.0	0	0.0	8	2017-06-07	20170607
109	cp_weather	天气	2017-06-07-22	7	1.0	0	0.0	7	2017-06-07	20170607
109	cp_weather	天气	2017-06-07-23	2	1.0	0	0.0	2	2017-06-07	20170607
113	cp_radio	电台	2017-06-07-00	2759	1.0	0	0.0	2759	2017-06-07	20170607
113	cp_radio	电台	2017-06-07-01	2758	1.0	0	0.0	2758	2017-06-07	20170607
113	cp_radio	电台	2017-06-07-02	2757	1.0	0	0.0	2757	2017-06-07	20170607
113	cp_radio	电台	2017-06-07-03	2757	1.0	0	0.0	2757	2017-06-07	20170607
113	cp_radio	电台	2017-06-07-04	2828	1.0	0	0.0	2828	2017-06-07	20170607
113	cp_radio	电台	2017-06-07-05	2784	1.0	0	0.0	2784	2017-06-07	20170607
113	cp_radio	电台	2017-06-07-06	2817	1.0	0	0.0	2817	2017-06-07	20170607
113	cp_radio	电台	2017-06-07-07	2767	1.0	0	0.0	2767	2017-06-07	20170607
113	cp_radio	电台	2017-06-07-08	2801	1.0	0	0.0	2801	2017-06-07	20170607
113	cp_radio	电台	2017-06-07-09	3371	1.0	0	0.0	3371	2017-06-07	20170607
113	cp_radio	电台	2017-06-07-10	2365	0.999577	1	4.23E-4	2366	2017-06-07	20170607
113	cp_radio	电台	2017-06-07-11	1501	1.0	0	0.0	1501	2017-06-07	20170607
113	cp_radio	电台	2017-06-07-12	509	0.998039	1	0.001961	510	2017-06-07	20170607
113	cp_radio	电台	2017-06-07-13	1230	1.0	0	0.0	1230	2017-06-07	20170607
113	cp_radio	电台	2017-06-07-14	1940	1.0	0	0.0	1940	2017-06-07	20170607
113	cp_radio	电台	2017-06-07-15	1413	1.0	0	0.0	1413	2017-06-07	20170607
113	cp_radio	电台	2017-06-07-16	839	1.0	0	0.0	839	2017-06-07	20170607
113	cp_radio	电台	2017-06-07-17	987	1.0	0	0.0	987	2017-06-07	20170607
113	cp_radio	电台	2017-06-07-18	683	0.99708	2	0.00292	685	2017-06-07	20170607
113	cp_radio	电台	2017-06-07-19	171	1.0	0	0.0	171	2017-06-07	20170607
113	cp_radio	电台	2017-06-07-20	96	1.0	0	0.0	96	2017-06-07	20170607
113	cp_radio	电台	2017-06-07-21	897	1.0	0	0.0	897	2017-06-07	20170607
113	cp_radio	电台	2017-06-07-22	1407	1.0	0	0.0	1407	2017-06-07	20170607
113	cp_radio	电台	2017-06-07-23	1350	1.0	0	0.0	1350	2017-06-07	20170607
109	cp_weather	天气	2017-06-08-00	2	1.0	0	0.0	2	2017-06-08	20170608
109	cp_weather	天气	2017-06-08-01	2	1.0	0	0.0	2	2017-06-08	20170608
109	cp_weather	天气	2017-06-08-02	2	1.0	0	0.0	2	2017-06-08	20170608
109	cp_weather	天气	2017-06-08-03	2	1.0	0	0.0	2	2017-06-08	20170608
109	cp_weather	天气	2017-06-08-04	2	1.0	0	0.0	2	2017-06-08	20170608
109	cp_weather	天气	2017-06-08-05	2	1.0	0	0.0	2	2017-06-08	20170608
109	cp_weather	天气	2017-06-08-06	2	1.0	0	0.0	2	2017-06-08	20170608
109	cp_weather	天气	2017-06-08-07	2	1.0	0	0.0	2	2017-06-08	20170608
109	cp_weather	天气	2017-06-08-08	2	1.0	0	0.0	2	2017-06-08	20170608
109	cp_weather	天气	2017-06-08-09	4	1.0	0	0.0	4	2017-06-08	20170608
109	cp_weather	天气	2017-06-08-10	3	1.0	0	0.0	3	2017-06-08	20170608
109	cp_weather	天气	2017-06-08-11	2	1.0	0	0.0	2	2017-06-08	20170608
109	cp_weather	天气	2017-06-08-12	2	1.0	0	0.0	2	2017-06-08	20170608
109	cp_weather	天气	2017-06-08-13	5	0.833333	1	0.166667	6	2017-06-08	20170608
109	cp_weather	天气	2017-06-08-14	7	1.0	0	0.0	7	2017-06-08	20170608
109	cp_weather	天气	2017-06-08-15	18	1.0	0	0.0	18	2017-06-08	20170608
109	cp_weather	天气	2017-06-08-16	10	1.0	0	0.0	10	2017-06-08	20170608
109	cp_weather	天气	2017-06-08-17	11	1.0	0	0.0	11	2017-06-08	20170608
109	cp_weather	天气	2017-06-08-18	14	1.0	0	0.0	14	2017-06-08	20170608
109	cp_weather	天气	2017-06-08-19	14	1.0	0	0.0	14	2017-06-08	20170608
109	cp_weather	天气	2017-06-08-20	8	1.0	0	0.0	8	2017-06-08	20170608
109	cp_weather	天气	2017-06-08-21	8	1.0	0	0.0	8	2017-06-08	20170608
109	cp_weather	天气	2017-06-08-22	8	1.0	0	0.0	8	2017-06-08	20170608
109	cp_weather	天气	2017-06-08-23	8	1.0	0	0.0	8	2017-06-08	20170608
113	cp_radio	电台	2017-06-08-00	1247	0.996803	4	0.003197	1251	2017-06-08	20170608
113	cp_radio	电台	2017-06-08-01	1314	1.0	0	0.0	1314	2017-06-08	20170608
113	cp_radio	电台	2017-06-08-02	1251	1.0	0	0.0	1251	2017-06-08	20170608
113	cp_radio	电台	2017-06-08-03	1348	1.0	0	0.0	1348	2017-06-08	20170608
113	cp_radio	电台	2017-06-08-04	1415	1.0	0	0.0	1415	2017-06-08	20170608
113	cp_radio	电台	2017-06-08-05	1381	1.0	0	0.0	1381	2017-06-08	20170608
113	cp_radio	电台	2017-06-08-06	494	1.0	0	0.0	494	2017-06-08	20170608
113	cp_radio	电台	2017-06-08-07	46	1.0	0	0.0	46	2017-06-08	20170608
113	cp_radio	电台	2017-06-08-08	44	0.956522	2	0.043478	46	2017-06-08	20170608
113	cp_radio	电台	2017-06-08-09	618	0.998384	1	0.001616	619	2017-06-08	20170608
113	cp_radio	电台	2017-06-08-10	997	0.997998	2	0.002002	999	2017-06-08	20170608
113	cp_radio	电台	2017-06-08-11	1745	0.999427	1	5.73E-4	1746	2017-06-08	20170608
113	cp_radio	电台	2017-06-08-12	789	1.0	0	0.0	789	2017-06-08	20170608
113	cp_radio	电台	2017-06-08-13	1045	1.0	0	0.0	1045	2017-06-08	20170608
113	cp_radio	电台	2017-06-08-14	1838	1.0	0	0.0	1838	2017-06-08	20170608
113	cp_radio	电台	2017-06-08-15	1332	1.0	0	0.0	1332	2017-06-08	20170608
113	cp_radio	电台	2017-06-08-16	1966	1.0	0	0.0	1966	2017-06-08	20170608
113	cp_radio	电台	2017-06-08-17	1526	1.0	0	0.0	1526	2017-06-08	20170608
113	cp_radio	电台	2017-06-08-18	1474	0.995273	7	0.004727	1481	2017-06-08	20170608
113	cp_radio	电台	2017-06-08-19	2511	1.0	0	0.0	2511	2017-06-08	20170608
113	cp_radio	电台	2017-06-08-20	2324	1.0	0	0.0	2324	2017-06-08	20170608
113	cp_radio	电台	2017-06-08-21	2135	1.0	0	0.0	2135	2017-06-08	20170608
113	cp_radio	电台	2017-06-08-22	2049	1.0	0	0.0	2049	2017-06-08	20170608
113	cp_radio	电台	2017-06-08-23	2336	1.0	0	0.0	2336	2017-06-08	20170608
109	cp_weather	天气	2017-06-09-00	8	1.0	0	0.0	8	2017-06-09	20170609
109	cp_weather	天气	2017-06-09-01	8	1.0	0	0.0	8	2017-06-09	20170609
109	cp_weather	天气	2017-06-09-02	8	1.0	0	0.0	8	2017-06-09	20170609
109	cp_weather	天气	2017-06-09-03	8	1.0	0	0.0	8	2017-06-09	20170609
109	cp_weather	天气	2017-06-09-04	8	1.0	0	0.0	8	2017-06-09	20170609
109	cp_weather	天气	2017-06-09-05	8	1.0	0	0.0	8	2017-06-09	20170609
109	cp_weather	天气	2017-06-09-06	8	1.0	0	0.0	8	2017-06-09	20170609
109	cp_weather	天气	2017-06-09-07	8	1.0	0	0.0	8	2017-06-09	20170609
109	cp_weather	天气	2017-06-09-08	3	1.0	0	0.0	3	2017-06-09	20170609
109	cp_weather	天气	2017-06-09-09	7	1.0	0	0.0	7	2017-06-09	20170609
109	cp_weather	天气	2017-06-09-10	8	1.0	0	0.0	8	2017-06-09	20170609
109	cp_weather	天气	2017-06-09-11	10	0.909091	1	0.090909	11	2017-06-09	20170609
109	cp_weather	天气	2017-06-09-12	8	0.888889	1	0.111111	9	2017-06-09	20170609
109	cp_weather	天气	2017-06-09-13	7	0.875	1	0.125	8	2017-06-09	20170609
109	cp_weather	天气	2017-06-09-14	8	0.888889	1	0.111111	9	2017-06-09	20170609
109	cp_weather	天气	2017-06-09-15	7	0.777778	2	0.222222	9	2017-06-09	20170609
109	cp_weather	天气	2017-06-09-16	13	0.928571	1	0.071429	14	2017-06-09	20170609
109	cp_weather	天气	2017-06-09-17	13	0.928571	1	0.071429	14	2017-06-09	20170609
109	cp_weather	天气	2017-06-09-18	14	0.875	2	0.125	16	2017-06-09	20170609
109	cp_weather	天气	2017-06-09-19	12	1.0	0	0.0	12	2017-06-09	20170609
109	cp_weather	天气	2017-06-09-20	8	1.0	0	0.0	8	2017-06-09	20170609
109	cp_weather	天气	2017-06-09-21	8	0.888889	1	0.111111	9	2017-06-09	20170609
109	cp_weather	天气	2017-06-09-22	8	1.0	0	0.0	8	2017-06-09	20170609
109	cp_weather	天气	2017-06-09-23	8	1.0	0	0.0	8	2017-06-09	20170609
113	cp_radio	电台	2017-06-09-00	2092	1.0	0	0.0	2092	2017-06-09	20170609
113	cp_radio	电台	2017-06-09-01	2214	1.0	0	0.0	2214	2017-06-09	20170609
113	cp_radio	电台	2017-06-09-02	3081	1.0	0	0.0	3081	2017-06-09	20170609
113	cp_radio	电台	2017-06-09-03	3177	1.0	0	0.0	3177	2017-06-09	20170609
113	cp_radio	电台	2017-06-09-04	3322	1.0	0	0.0	3322	2017-06-09	20170609
113	cp_radio	电台	2017-06-09-05	3223	1.0	0	0.0	3223	2017-06-09	20170609
113	cp_radio	电台	2017-06-09-06	2113	1.0	0	0.0	2113	2017-06-09	20170609
113	cp_radio	电台	2017-06-09-07	1590	1.0	0	0.0	1590	2017-06-09	20170609
113	cp_radio	电台	2017-06-09-08	1649	0.999394	1	6.06E-4	1650	2017-06-09	20170609
113	cp_radio	电台	2017-06-09-09	2173	1.0	0	0.0	2173	2017-06-09	20170609
113	cp_radio	电台	2017-06-09-10	1876	1.0	0	0.0	1876	2017-06-09	20170609
113	cp_radio	电台	2017-06-09-11	2629	1.0	0	0.0	2629	2017-06-09	20170609
113	cp_radio	电台	2017-06-09-12	906	1.0	0	0.0	906	2017-06-09	20170609
113	cp_radio	电台	2017-06-09-13	1074	1.0	0	0.0	1074	2017-06-09	20170609
113	cp_radio	电台	2017-06-09-14	1491	1.0	0	0.0	1491	2017-06-09	20170609
113	cp_radio	电台	2017-06-09-15	1229	1.0	0	0.0	1229	2017-06-09	20170609
113	cp_radio	电台	2017-06-09-16	1839	1.0	0	0.0	1839	2017-06-09	20170609
113	cp_radio	电台	2017-06-09-17	1969	1.0	0	0.0	1969	2017-06-09	20170609
113	cp_radio	电台	2017-06-09-18	2326	0.995719	10	0.004281	2336	2017-06-09	20170609
113	cp_radio	电台	2017-06-09-19	1750	1.0	0	0.0	1750	2017-06-09	20170609
113	cp_radio	电台	2017-06-09-20	1529	1.0	0	0.0	1529	2017-06-09	20170609
113	cp_radio	电台	2017-06-09-21	1795	1.0	0	0.0	1795	2017-06-09	20170609
113	cp_radio	电台	2017-06-09-22	1301	1.0	0	0.0	1301	2017-06-09	20170609
113	cp_radio	电台	2017-06-09-23	968	1.0	0	0.0	968	2017-06-09	20170609
115	cp_news	新闻	2017-06-09-11	1	1.0	0	0.0	1	2017-06-09	20170609
109	cp_weather	天气	2017-06-10-00	8	1.0	0	0.0	8	2017-06-10	20170610
109	cp_weather	天气	2017-06-10-01	6	0.75	2	0.25	8	2017-06-10	20170610
109	cp_weather	天气	2017-06-10-02	8	1.0	0	0.0	8	2017-06-10	20170610
109	cp_weather	天气	2017-06-10-03	8	1.0	0	0.0	8	2017-06-10	20170610
109	cp_weather	天气	2017-06-10-04	8	0.8	2	0.2	10	2017-06-10	20170610
109	cp_weather	天气	2017-06-10-05	8	0.888889	1	0.111111	9	2017-06-10	20170610
109	cp_weather	天气	2017-06-10-06	8	0.888889	1	0.111111	9	2017-06-10	20170610
109	cp_weather	天气	2017-06-10-07	9	0.9	1	0.1	10	2017-06-10	20170610
109	cp_weather	天气	2017-06-10-08	8	1.0	0	0.0	8	2017-06-10	20170610
109	cp_weather	天气	2017-06-10-09	8	0.888889	1	0.111111	9	2017-06-10	20170610
109	cp_weather	天气	2017-06-10-10	15	0.9375	1	0.0625	16	2017-06-10	20170610
109	cp_weather	天气	2017-06-10-11	13	0.866667	2	0.133333	15	2017-06-10	20170610
109	cp_weather	天气	2017-06-10-12	7	0.875	1	0.125	8	2017-06-10	20170610
109	cp_weather	天气	2017-06-10-13	8	0.888889	1	0.111111	9	2017-06-10	20170610
109	cp_weather	天气	2017-06-10-14	8	1.0	0	0.0	8	2017-06-10	20170610
109	cp_weather	天气	2017-06-10-15	8	1.0	0	0.0	8	2017-06-10	20170610
109	cp_weather	天气	2017-06-10-16	8	1.0	0	0.0	8	2017-06-10	20170610
109	cp_weather	天气	2017-06-10-17	8	1.0	0	0.0	8	2017-06-10	20170610
109	cp_weather	天气	2017-06-10-18	8	1.0	0	0.0	8	2017-06-10	20170610
109	cp_weather	天气	2017-06-10-19	8	1.0	0	0.0	8	2017-06-10	20170610
109	cp_weather	天气	2017-06-10-20	8	0.888889	1	0.111111	9	2017-06-10	20170610
109	cp_weather	天气	2017-06-10-21	2	1.0	0	0.0	2	2017-06-10	20170610
109	cp_weather	天气	2017-06-10-22	2	1.0	0	0.0	2	2017-06-10	20170610
109	cp_weather	天气	2017-06-10-23	2	1.0	0	0.0	2	2017-06-10	20170610
113	cp_radio	电台	2017-06-10-00	1104	1.0	0	0.0	1104	2017-06-10	20170610
113	cp_radio	电台	2017-06-10-01	1134	1.0	0	0.0	1134	2017-06-10	20170610
113	cp_radio	电台	2017-06-10-02	1264	1.0	0	0.0	1264	2017-06-10	20170610
113	cp_radio	电台	2017-06-10-03	1296	1.0	0	0.0	1296	2017-06-10	20170610
113	cp_radio	电台	2017-06-10-04	1338	1.0	0	0.0	1338	2017-06-10	20170610
113	cp_radio	电台	2017-06-10-05	1314	1.0	0	0.0	1314	2017-06-10	20170610
113	cp_radio	电台	2017-06-10-06	550	1.0	0	0.0	550	2017-06-10	20170610
113	cp_radio	电台	2017-06-10-07	120	1.0	0	0.0	120	2017-06-10	20170610
113	cp_radio	电台	2017-06-10-08	153	0.993506	1	0.006494	154	2017-06-10	20170610
113	cp_radio	电台	2017-06-10-09	516	1.0	0	0.0	516	2017-06-10	20170610
113	cp_radio	电台	2017-06-10-10	1657	1.0	0	0.0	1657	2017-06-10	20170610
113	cp_radio	电台	2017-06-10-11	1460	0.999316	1	6.84E-4	1461	2017-06-10	20170610
113	cp_radio	电台	2017-06-10-12	950	0.998948	1	0.001052	951	2017-06-10	20170610
113	cp_radio	电台	2017-06-10-13	823	1.0	0	0.0	823	2017-06-10	20170610
113	cp_radio	电台	2017-06-10-14	956	1.0	0	0.0	956	2017-06-10	20170610
113	cp_radio	电台	2017-06-10-15	1099	1.0	0	0.0	1099	2017-06-10	20170610
113	cp_radio	电台	2017-06-10-16	645	1.0	0	0.0	645	2017-06-10	20170610
113	cp_radio	电台	2017-06-10-17	1728	1.0	0	0.0	1728	2017-06-10	20170610
113	cp_radio	电台	2017-06-10-18	1435	0.988973	16	0.011027	1451	2017-06-10	20170610
113	cp_radio	电台	2017-06-10-19	1264	1.0	0	0.0	1264	2017-06-10	20170610
113	cp_radio	电台	2017-06-10-20	1310	1.0	0	0.0	1310	2017-06-10	20170610
113	cp_radio	电台	2017-06-10-21	1127	1.0	0	0.0	1127	2017-06-10	20170610
113	cp_radio	电台	2017-06-10-22	1301	1.0	0	0.0	1301	2017-06-10	20170610
113	cp_radio	电台	2017-06-10-23	1106	1.0	0	0.0	1106	2017-06-10	20170610
109	cp_weather	天气	2017-06-11-00	2	1.0	0	0.0	2	2017-06-11	20170611
109	cp_weather	天气	2017-06-11-01	2	1.0	0	0.0	2	2017-06-11	20170611
109	cp_weather	天气	2017-06-11-02	2	1.0	0	0.0	2	2017-06-11	20170611
109	cp_weather	天气	2017-06-11-03	2	1.0	0	0.0	2	2017-06-11	20170611
109	cp_weather	天气	2017-06-11-04	2	1.0	0	0.0	2	2017-06-11	20170611
109	cp_weather	天气	2017-06-11-05	2	1.0	0	0.0	2	2017-06-11	20170611
109	cp_weather	天气	2017-06-11-06	2	1.0	0	0.0	2	2017-06-11	20170611
109	cp_weather	天气	2017-06-11-07	2	1.0	0	0.0	2	2017-06-11	20170611
109	cp_weather	天气	2017-06-11-08	3	1.0	0	0.0	3	2017-06-11	20170611
109	cp_weather	天气	2017-06-11-09	6	0.75	2	0.25	8	2017-06-11	20170611
109	cp_weather	天气	2017-06-11-10	8	1.0	0	0.0	8	2017-06-11	20170611
109	cp_weather	天气	2017-06-11-11	6	0.857143	1	0.142857	7	2017-06-11	20170611
109	cp_weather	天气	2017-06-11-12	12	0.923077	1	0.076923	13	2017-06-11	20170611
109	cp_weather	天气	2017-06-11-13	8	1.0	0	0.0	8	2017-06-11	20170611
109	cp_weather	天气	2017-06-11-14	7	0.875	1	0.125	8	2017-06-11	20170611
109	cp_weather	天气	2017-06-11-15	8	0.888889	1	0.111111	9	2017-06-11	20170611
109	cp_weather	天气	2017-06-11-16	8	0.888889	1	0.111111	9	2017-06-11	20170611
109	cp_weather	天气	2017-06-11-17	8	0.888889	1	0.111111	9	2017-06-11	20170611
109	cp_weather	天气	2017-06-11-18	8	0.888889	1	0.111111	9	2017-06-11	20170611
109	cp_weather	天气	2017-06-11-19	7	0.875	1	0.125	8	2017-06-11	20170611
109	cp_weather	天气	2017-06-11-20	8	1.0	0	0.0	8	2017-06-11	20170611
109	cp_weather	天气	2017-06-11-21	8	1.0	0	0.0	8	2017-06-11	20170611
109	cp_weather	天气	2017-06-11-22	8	1.0	0	0.0	8	2017-06-11	20170611
109	cp_weather	天气	2017-06-11-23	8	0.888889	1	0.111111	9	2017-06-11	20170611
113	cp_radio	电台	2017-06-11-00	1117	0.999106	1	8.94E-4	1118	2017-06-11	20170611
113	cp_radio	电台	2017-06-11-01	1107	1.0	0	0.0	1107	2017-06-11	20170611
113	cp_radio	电台	2017-06-11-02	1130	1.0	0	0.0	1130	2017-06-11	20170611
113	cp_radio	电台	2017-06-11-03	1199	1.0	0	0.0	1199	2017-06-11	20170611
113	cp_radio	电台	2017-06-11-04	661	1.0	0	0.0	661	2017-06-11	20170611
113	cp_radio	电台	2017-06-11-05	1154	1.0	0	0.0	1154	2017-06-11	20170611
113	cp_radio	电台	2017-06-11-06	1190	1.0	0	0.0	1190	2017-06-11	20170611
113	cp_radio	电台	2017-06-11-07	1193	1.0	0	0.0	1193	2017-06-11	20170611
113	cp_radio	电台	2017-06-11-08	1124	0.999111	1	8.89E-4	1125	2017-06-11	20170611
113	cp_radio	电台	2017-06-11-09	1208	1.0	0	0.0	1208	2017-06-11	20170611
113	cp_radio	电台	2017-06-11-10	1148	1.0	0	0.0	1148	2017-06-11	20170611
113	cp_radio	电台	2017-06-11-11	1136	1.0	0	0.0	1136	2017-06-11	20170611
113	cp_radio	电台	2017-06-11-12	1177	1.0	0	0.0	1177	2017-06-11	20170611
113	cp_radio	电台	2017-06-11-13	1394	1.0	0	0.0	1394	2017-06-11	20170611
113	cp_radio	电台	2017-06-11-14	1220	1.0	0	0.0	1220	2017-06-11	20170611
113	cp_radio	电台	2017-06-11-15	1323	1.0	0	0.0	1323	2017-06-11	20170611
113	cp_radio	电台	2017-06-11-16	1172	1.0	0	0.0	1172	2017-06-11	20170611
113	cp_radio	电台	2017-06-11-17	1262	1.0	0	0.0	1262	2017-06-11	20170611
113	cp_radio	电台	2017-06-11-18	1339	0.978086	30	0.021914	1369	2017-06-11	20170611
113	cp_radio	电台	2017-06-11-19	1186	1.0	0	0.0	1186	2017-06-11	20170611
113	cp_radio	电台	2017-06-11-20	1313	1.0	0	0.0	1313	2017-06-11	20170611
113	cp_radio	电台	2017-06-11-21	1250	1.0	0	0.0	1250	2017-06-11	20170611
113	cp_radio	电台	2017-06-11-22	1218	1.0	0	0.0	1218	2017-06-11	20170611
113	cp_radio	电台	2017-06-11-23	1200	1.0	0	0.0	1200	2017-06-11	20170611
109	cp_weather	天气	2017-06-12-00	8	0.888889	1	0.111111	9	2017-06-12	20170612
109	cp_weather	天气	2017-06-12-01	8	1.0	0	0.0	8	2017-06-12	20170612
109	cp_weather	天气	2017-06-12-02	8	1.0	0	0.0	8	2017-06-12	20170612
109	cp_weather	天气	2017-06-12-03	6	1.0	0	0.0	6	2017-06-12	20170612
109	cp_weather	天气	2017-06-12-04	2	1.0	0	0.0	2	2017-06-12	20170612
109	cp_weather	天气	2017-06-12-05	2	1.0	0	0.0	2	2017-06-12	20170612
109	cp_weather	天气	2017-06-12-06	1	0.5	1	0.5	2	2017-06-12	20170612
109	cp_weather	天气	2017-06-12-07	2	1.0	0	0.0	2	2017-06-12	20170612
109	cp_weather	天气	2017-06-12-08	2	1.0	0	0.0	2	2017-06-12	20170612
109	cp_weather	天气	2017-06-12-09	1	0.5	1	0.5	2	2017-06-12	20170612
109	cp_weather	天气	2017-06-12-10	8	1.0	0	0.0	8	2017-06-12	20170612
109	cp_weather	天气	2017-06-12-11	8	1.0	0	0.0	8	2017-06-12	20170612
109	cp_weather	天气	2017-06-12-12	8	1.0	0	0.0	8	2017-06-12	20170612
109	cp_weather	天气	2017-06-12-13	8	1.0	0	0.0	8	2017-06-12	20170612
109	cp_weather	天气	2017-06-12-14	12	1.0	0	0.0	12	2017-06-12	20170612
109	cp_weather	天气	2017-06-12-15	14	1.0	0	0.0	14	2017-06-12	20170612
109	cp_weather	天气	2017-06-12-16	24	0.827586	5	0.172414	29	2017-06-12	20170612
109	cp_weather	天气	2017-06-12-17	20	0.952381	1	0.047619	21	2017-06-12	20170612
109	cp_weather	天气	2017-06-12-18	15	1.0	0	0.0	15	2017-06-12	20170612
109	cp_weather	天气	2017-06-12-19	14	1.0	0	0.0	14	2017-06-12	20170612
109	cp_weather	天气	2017-06-12-20	14	1.0	0	0.0	14	2017-06-12	20170612
109	cp_weather	天气	2017-06-12-21	13	0.928571	1	0.071429	14	2017-06-12	20170612
109	cp_weather	天气	2017-06-12-22	14	1.0	0	0.0	14	2017-06-12	20170612
109	cp_weather	天气	2017-06-12-23	14	1.0	0	0.0	14	2017-06-12	20170612
113	cp_radio	电台	2017-06-12-00	1135	1.0	0	0.0	1135	2017-06-12	20170612
113	cp_radio	电台	2017-06-12-01	1159	1.0	0	0.0	1159	2017-06-12	20170612
113	cp_radio	电台	2017-06-12-02	1159	1.0	0	0.0	1159	2017-06-12	20170612
113	cp_radio	电台	2017-06-12-03	1170	1.0	0	0.0	1170	2017-06-12	20170612
113	cp_radio	电台	2017-06-12-04	1119	1.0	0	0.0	1119	2017-06-12	20170612
113	cp_radio	电台	2017-06-12-05	1137	1.0	0	0.0	1137	2017-06-12	20170612
113	cp_radio	电台	2017-06-12-06	1177	0.994928	6	0.005072	1183	2017-06-12	20170612
113	cp_radio	电台	2017-06-12-07	1135	1.0	0	0.0	1135	2017-06-12	20170612
113	cp_radio	电台	2017-06-12-08	1307	1.0	0	0.0	1307	2017-06-12	20170612
113	cp_radio	电台	2017-06-12-09	1386	1.0	0	0.0	1386	2017-06-12	20170612
113	cp_radio	电台	2017-06-12-10	1907	0.999476	1	5.24E-4	1908	2017-06-12	20170612
113	cp_radio	电台	2017-06-12-11	1265	1.0	0	0.0	1265	2017-06-12	20170612
113	cp_radio	电台	2017-06-12-12	2207	1.0	0	0.0	2207	2017-06-12	20170612
113	cp_radio	电台	2017-06-12-13	1633	1.0	0	0.0	1633	2017-06-12	20170612
113	cp_radio	电台	2017-06-12-14	2401	1.0	0	0.0	2401	2017-06-12	20170612
113	cp_radio	电台	2017-06-12-15	1411	1.0	0	0.0	1411	2017-06-12	20170612
113	cp_radio	电台	2017-06-12-16	1425	0.999299	1	7.01E-4	1426	2017-06-12	20170612
113	cp_radio	电台	2017-06-12-17	2400	1.0	0	0.0	2400	2017-06-12	20170612
113	cp_radio	电台	2017-06-12-18	1358	0.997796	3	0.002204	1361	2017-06-12	20170612
113	cp_radio	电台	2017-06-12-19	2119	1.0	0	0.0	2119	2017-06-12	20170612
113	cp_radio	电台	2017-06-12-20	2919	1.0	0	0.0	2919	2017-06-12	20170612
113	cp_radio	电台	2017-06-12-21	2281	1.0	0	0.0	2281	2017-06-12	20170612
113	cp_radio	电台	2017-06-12-22	1697	0.999411	1	5.89E-4	1698	2017-06-12	20170612
113	cp_radio	电台	2017-06-12-23	1637	1.0	0	0.0	1637	2017-06-12	20170612
109	cp_weather	天气	2017-06-13-00	14	1.0	0	0.0	14	2017-06-13	20170613
109	cp_weather	天气	2017-06-13-01	14	1.0	0	0.0	14	2017-06-13	20170613
109	cp_weather	天气	2017-06-13-02	14	1.0	0	0.0	14	2017-06-13	20170613
109	cp_weather	天气	2017-06-13-03	13	1.0	0	0.0	13	2017-06-13	20170613
109	cp_weather	天气	2017-06-13-04	8	1.0	0	0.0	8	2017-06-13	20170613
109	cp_weather	天气	2017-06-13-05	8	1.0	0	0.0	8	2017-06-13	20170613
109	cp_weather	天气	2017-06-13-06	8	1.0	0	0.0	8	2017-06-13	20170613
109	cp_weather	天气	2017-06-13-07	8	1.0	0	0.0	8	2017-06-13	20170613
109	cp_weather	天气	2017-06-13-08	8	1.0	0	0.0	8	2017-06-13	20170613
109	cp_weather	天气	2017-06-13-09	8	1.0	0	0.0	8	2017-06-13	20170613
109	cp_weather	天气	2017-06-13-10	8	1.0	0	0.0	8	2017-06-13	20170613
109	cp_weather	天气	2017-06-13-11	18	1.0	0	0.0	18	2017-06-13	20170613
109	cp_weather	天气	2017-06-13-12	10	1.0	0	0.0	10	2017-06-13	20170613
109	cp_weather	天气	2017-06-13-13	9	1.0	0	0.0	9	2017-06-13	20170613
109	cp_weather	天气	2017-06-13-14	14	1.0	0	0.0	14	2017-06-13	20170613
109	cp_weather	天气	2017-06-13-15	14	1.0	0	0.0	14	2017-06-13	20170613
109	cp_weather	天气	2017-06-13-16	14	1.0	0	0.0	14	2017-06-13	20170613
109	cp_weather	天气	2017-06-13-17	14	1.0	0	0.0	14	2017-06-13	20170613
109	cp_weather	天气	2017-06-13-18	14	1.0	0	0.0	14	2017-06-13	20170613
109	cp_weather	天气	2017-06-13-19	9	1.0	0	0.0	9	2017-06-13	20170613
109	cp_weather	天气	2017-06-13-20	11	1.0	0	0.0	11	2017-06-13	20170613
109	cp_weather	天气	2017-06-13-21	10	1.0	0	0.0	10	2017-06-13	20170613
109	cp_weather	天气	2017-06-13-22	8	1.0	0	0.0	8	2017-06-13	20170613
109	cp_weather	天气	2017-06-13-23	8	1.0	0	0.0	8	2017-06-13	20170613
113	cp_radio	电台	2017-06-13-00	1585	1.0	0	0.0	1585	2017-06-13	20170613
113	cp_radio	电台	2017-06-13-01	1663	1.0	0	0.0	1663	2017-06-13	20170613
113	cp_radio	电台	2017-06-13-02	1667	1.0	0	0.0	1667	2017-06-13	20170613
113	cp_radio	电台	2017-06-13-03	1618	1.0	0	0.0	1618	2017-06-13	20170613
113	cp_radio	电台	2017-06-13-04	1704	1.0	0	0.0	1704	2017-06-13	20170613
113	cp_radio	电台	2017-06-13-05	1674	1.0	0	0.0	1674	2017-06-13	20170613
113	cp_radio	电台	2017-06-13-06	1682	1.0	0	0.0	1682	2017-06-13	20170613
113	cp_radio	电台	2017-06-13-07	1671	1.0	0	0.0	1671	2017-06-13	20170613
113	cp_radio	电台	2017-06-13-08	1639	0.995747	7	0.004253	1646	2017-06-13	20170613
113	cp_radio	电台	2017-06-13-09	1747	1.0	0	0.0	1747	2017-06-13	20170613
113	cp_radio	电台	2017-06-13-10	1433	0.999303	1	6.97E-4	1434	2017-06-13	20170613
113	cp_radio	电台	2017-06-13-11	2605	0.999233	2	7.67E-4	2607	2017-06-13	20170613
113	cp_radio	电台	2017-06-13-12	594	1.0	0	0.0	594	2017-06-13	20170613
113	cp_radio	电台	2017-06-13-13	1756	0.999431	1	5.69E-4	1757	2017-06-13	20170613
113	cp_radio	电台	2017-06-13-14	3309	1.0	0	0.0	3309	2017-06-13	20170613
113	cp_radio	电台	2017-06-13-15	2237	1.0	0	0.0	2237	2017-06-13	20170613
113	cp_radio	电台	2017-06-13-16	2739	1.0	0	0.0	2739	2017-06-13	20170613
113	cp_radio	电台	2017-06-13-17	3158	1.0	0	0.0	3158	2017-06-13	20170613
113	cp_radio	电台	2017-06-13-18	2239	0.994227	13	0.005773	2252	2017-06-13	20170613
113	cp_radio	电台	2017-06-13-19	2372	1.0	0	0.0	2372	2017-06-13	20170613
113	cp_radio	电台	2017-06-13-20	523	0.998092	1	0.001908	524	2017-06-13	20170613
113	cp_radio	电台	2017-06-13-21	1298	0.998462	2	0.001538	1300	2017-06-13	20170613
113	cp_radio	电台	2017-06-13-22	452	0.997792	1	0.002208	453	2017-06-13	20170613
113	cp_radio	电台	2017-06-13-23	266	1.0	0	0.0	266	2017-06-13	20170613
109	cp_weather	天气	2017-06-14-00	8	1.0	0	0.0	8	2017-06-14	20170614
109	cp_weather	天气	2017-06-14-01	8	1.0	0	0.0	8	2017-06-14	20170614
109	cp_weather	天气	2017-06-14-02	8	1.0	0	0.0	8	2017-06-14	20170614
109	cp_weather	天气	2017-06-14-03	8	1.0	0	0.0	8	2017-06-14	20170614
109	cp_weather	天气	2017-06-14-04	8	1.0	0	0.0	8	2017-06-14	20170614
109	cp_weather	天气	2017-06-14-05	8	1.0	0	0.0	8	2017-06-14	20170614
109	cp_weather	天气	2017-06-14-06	8	1.0	0	0.0	8	2017-06-14	20170614
109	cp_weather	天气	2017-06-14-07	10	1.0	0	0.0	10	2017-06-14	20170614
109	cp_weather	天气	2017-06-14-08	9	1.0	0	0.0	9	2017-06-14	20170614
109	cp_weather	天气	2017-06-14-09	9	1.0	0	0.0	9	2017-06-14	20170614
109	cp_weather	天气	2017-06-14-10	12	1.0	0	0.0	12	2017-06-14	20170614
109	cp_weather	天气	2017-06-14-11	11	1.0	0	0.0	11	2017-06-14	20170614
109	cp_weather	天气	2017-06-14-12	2	1.0	0	0.0	2	2017-06-14	20170614
109	cp_weather	天气	2017-06-14-13	2	1.0	0	0.0	2	2017-06-14	20170614
109	cp_weather	天气	2017-06-14-14	8	1.0	0	0.0	8	2017-06-14	20170614
109	cp_weather	天气	2017-06-14-15	8	1.0	0	0.0	8	2017-06-14	20170614
109	cp_weather	天气	2017-06-14-16	13	1.0	0	0.0	13	2017-06-14	20170614
109	cp_weather	天气	2017-06-14-17	8	1.0	0	0.0	8	2017-06-14	20170614
109	cp_weather	天气	2017-06-14-18	8	1.0	0	0.0	8	2017-06-14	20170614
109	cp_weather	天气	2017-06-14-19	11	0.846154	2	0.153846	13	2017-06-14	20170614
109	cp_weather	天气	2017-06-14-20	8	0.8	2	0.2	10	2017-06-14	20170614
109	cp_weather	天气	2017-06-14-21	8	1.0	0	0.0	8	2017-06-14	20170614
109	cp_weather	天气	2017-06-14-22	8	1.0	0	0.0	8	2017-06-14	20170614
109	cp_weather	天气	2017-06-14-23	14	1.0	0	0.0	14	2017-06-14	20170614
113	cp_radio	电台	2017-06-14-00	5	1.0	0	0.0	5	2017-06-14	20170614
113	cp_radio	电台	2017-06-14-01	5	1.0	0	0.0	5	2017-06-14	20170614
113	cp_radio	电台	2017-06-14-02	5	1.0	0	0.0	5	2017-06-14	20170614
113	cp_radio	电台	2017-06-14-03	5	1.0	0	0.0	5	2017-06-14	20170614
113	cp_radio	电台	2017-06-14-04	35	1.0	0	0.0	35	2017-06-14	20170614
113	cp_radio	电台	2017-06-14-05	5	1.0	0	0.0	5	2017-06-14	20170614
113	cp_radio	电台	2017-06-14-06	87	1.0	0	0.0	87	2017-06-14	20170614
113	cp_radio	电台	2017-06-14-07	46	1.0	0	0.0	46	2017-06-14	20170614
113	cp_radio	电台	2017-06-14-08	84	0.965517	3	0.034483	87	2017-06-14	20170614
113	cp_radio	电台	2017-06-14-09	621	0.99679	2	0.00321	623	2017-06-14	20170614
113	cp_radio	电台	2017-06-14-10	1452	0.999312	1	6.88E-4	1453	2017-06-14	20170614
113	cp_radio	电台	2017-06-14-11	1643	1.0	0	0.0	1643	2017-06-14	20170614
113	cp_radio	电台	2017-06-14-12	385	1.0	0	0.0	385	2017-06-14	20170614
113	cp_radio	电台	2017-06-14-13	970	1.0	0	0.0	970	2017-06-14	20170614
113	cp_radio	电台	2017-06-14-14	1538	1.0	0	0.0	1538	2017-06-14	20170614
113	cp_radio	电台	2017-06-14-15	1561	1.0	0	0.0	1561	2017-06-14	20170614
113	cp_radio	电台	2017-06-14-16	1223	1.0	0	0.0	1223	2017-06-14	20170614
113	cp_radio	电台	2017-06-14-17	2173	1.0	0	0.0	2173	2017-06-14	20170614
113	cp_radio	电台	2017-06-14-18	1101	0.991892	9	0.008108	1110	2017-06-14	20170614
113	cp_radio	电台	2017-06-14-19	850	1.0	0	0.0	850	2017-06-14	20170614
113	cp_radio	电台	2017-06-14-20	1219	0.99918	1	8.2E-4	1220	2017-06-14	20170614
113	cp_radio	电台	2017-06-14-21	1930	1.0	0	0.0	1930	2017-06-14	20170614
113	cp_radio	电台	2017-06-14-22	2867	0.997912	6	0.002088	2873	2017-06-14	20170614
113	cp_radio	电台	2017-06-14-23	2393	1.0	0	0.0	2393	2017-06-14	20170614
109	cp_weather	天气	2017-06-15-00	14	1.0	0	0.0	14	2017-06-15	20170615
109	cp_weather	天气	2017-06-15-01	14	1.0	0	0.0	14	2017-06-15	20170615
109	cp_weather	天气	2017-06-15-02	14	1.0	0	0.0	14	2017-06-15	20170615
109	cp_weather	天气	2017-06-15-03	14	1.0	0	0.0	14	2017-06-15	20170615
109	cp_weather	天气	2017-06-15-04	14	1.0	0	0.0	14	2017-06-15	20170615
109	cp_weather	天气	2017-06-15-05	14	1.0	0	0.0	14	2017-06-15	20170615
109	cp_weather	天气	2017-06-15-06	14	1.0	0	0.0	14	2017-06-15	20170615
109	cp_weather	天气	2017-06-15-07	14	1.0	0	0.0	14	2017-06-15	20170615
109	cp_weather	天气	2017-06-15-08	9	1.0	0	0.0	9	2017-06-15	20170615
109	cp_weather	天气	2017-06-15-09	8	1.0	0	0.0	8	2017-06-15	20170615
109	cp_weather	天气	2017-06-15-10	8	1.0	0	0.0	8	2017-06-15	20170615
109	cp_weather	天气	2017-06-15-11	8	1.0	0	0.0	8	2017-06-15	20170615
109	cp_weather	天气	2017-06-15-12	8	1.0	0	0.0	8	2017-06-15	20170615
109	cp_weather	天气	2017-06-15-13	8	1.0	0	0.0	8	2017-06-15	20170615
109	cp_weather	天气	2017-06-15-14	8	1.0	0	0.0	8	2017-06-15	20170615
109	cp_weather	天气	2017-06-15-15	8	1.0	0	0.0	8	2017-06-15	20170615
109	cp_weather	天气	2017-06-15-16	8	1.0	0	0.0	8	2017-06-15	20170615
109	cp_weather	天气	2017-06-15-17	8	1.0	0	0.0	8	2017-06-15	20170615
109	cp_weather	天气	2017-06-15-18	8	1.0	0	0.0	8	2017-06-15	20170615
109	cp_weather	天气	2017-06-15-19	8	1.0	0	0.0	8	2017-06-15	20170615
109	cp_weather	天气	2017-06-15-20	9	0.9	1	0.1	10	2017-06-15	20170615
109	cp_weather	天气	2017-06-15-21	12	1.0	0	0.0	12	2017-06-15	20170615
109	cp_weather	天气	2017-06-15-22	8	1.0	0	0.0	8	2017-06-15	20170615
109	cp_weather	天气	2017-06-15-23	8	1.0	0	0.0	8	2017-06-15	20170615
113	cp_radio	电台	2017-06-15-00	2039	1.0	0	0.0	2039	2017-06-15	20170615
113	cp_radio	电台	2017-06-15-01	1902	1.0	0	0.0	1902	2017-06-15	20170615
113	cp_radio	电台	2017-06-15-02	1911	1.0	0	0.0	1911	2017-06-15	20170615
113	cp_radio	电台	2017-06-15-03	968	1.0	0	0.0	968	2017-06-15	20170615
113	cp_radio	电台	2017-06-15-04	33	0.942857	2	0.057143	35	2017-06-15	20170615
113	cp_radio	电台	2017-06-15-05	46	1.0	0	0.0	46	2017-06-15	20170615
113	cp_radio	电台	2017-06-15-06	46	1.0	0	0.0	46	2017-06-15	20170615
113	cp_radio	电台	2017-06-15-07	5	1.0	0	0.0	5	2017-06-15	20170615
113	cp_radio	电台	2017-06-15-08	42	0.933333	3	0.066667	45	2017-06-15	20170615
113	cp_radio	电台	2017-06-15-09	765	0.998695	1	0.001305	766	2017-06-15	20170615
113	cp_radio	电台	2017-06-15-10	1719	0.998838	2	0.001162	1721	2017-06-15	20170615
113	cp_radio	电台	2017-06-15-11	1292	1.0	0	0.0	1292	2017-06-15	20170615
113	cp_radio	电台	2017-06-15-12	478	1.0	0	0.0	478	2017-06-15	20170615
113	cp_radio	电台	2017-06-15-13	1170	1.0	0	0.0	1170	2017-06-15	20170615
113	cp_radio	电台	2017-06-15-14	3410	0.999414	2	5.86E-4	3412	2017-06-15	20170615
113	cp_radio	电台	2017-06-15-15	3382	1.0	0	0.0	3382	2017-06-15	20170615
113	cp_radio	电台	2017-06-15-16	3171	0.981126	61	0.018874	3232	2017-06-15	20170615
113	cp_radio	电台	2017-06-15-17	2838	1.0	0	0.0	2838	2017-06-15	20170615
113	cp_radio	电台	2017-06-15-18	4716	1.0	0	0.0	4716	2017-06-15	20170615
113	cp_radio	电台	2017-06-15-19	4616	1.0	0	0.0	4616	2017-06-15	20170615
113	cp_radio	电台	2017-06-15-20	4427	1.0	0	0.0	4427	2017-06-15	20170615
113	cp_radio	电台	2017-06-15-21	4647	1.0	0	0.0	4647	2017-06-15	20170615
113	cp_radio	电台	2017-06-15-22	3875	1.0	0	0.0	3875	2017-06-15	20170615
113	cp_radio	电台	2017-06-15-23	3503	1.0	0	0.0	3503	2017-06-15	20170615
109	cp_weather	天气	2017-06-16-00	8	1.0	0	0.0	8	2017-06-16	20170616
109	cp_weather	天气	2017-06-16-01	8	1.0	0	0.0	8	2017-06-16	20170616
109	cp_weather	天气	2017-06-16-02	8	1.0	0	0.0	8	2017-06-16	20170616
109	cp_weather	天气	2017-06-16-03	8	1.0	0	0.0	8	2017-06-16	20170616
109	cp_weather	天气	2017-06-16-04	6	1.0	0	0.0	6	2017-06-16	20170616
109	cp_weather	天气	2017-06-16-05	2	1.0	0	0.0	2	2017-06-16	20170616
109	cp_weather	天气	2017-06-16-06	2	1.0	0	0.0	2	2017-06-16	20170616
109	cp_weather	天气	2017-06-16-07	2	1.0	0	0.0	2	2017-06-16	20170616
109	cp_weather	天气	2017-06-16-08	2	1.0	0	0.0	2	2017-06-16	20170616
109	cp_weather	天气	2017-06-16-09	2	1.0	0	0.0	2	2017-06-16	20170616
109	cp_weather	天气	2017-06-16-10	2	1.0	0	0.0	2	2017-06-16	20170616
109	cp_weather	天气	2017-06-16-11	8	1.0	0	0.0	8	2017-06-16	20170616
109	cp_weather	天气	2017-06-16-12	8	0.888889	1	0.111111	9	2017-06-16	20170616
109	cp_weather	天气	2017-06-16-13	8	1.0	0	0.0	8	2017-06-16	20170616
109	cp_weather	天气	2017-06-16-14	8	1.0	0	0.0	8	2017-06-16	20170616
109	cp_weather	天气	2017-06-16-15	14	1.0	0	0.0	14	2017-06-16	20170616
109	cp_weather	天气	2017-06-16-16	20	1.0	0	0.0	20	2017-06-16	20170616
109	cp_weather	天气	2017-06-16-17	7	0.875	1	0.125	8	2017-06-16	20170616
109	cp_weather	天气	2017-06-16-18	8	1.0	0	0.0	8	2017-06-16	20170616
109	cp_weather	天气	2017-06-16-19	8	0.8	2	0.2	10	2017-06-16	20170616
109	cp_weather	天气	2017-06-16-20	7	0.875	1	0.125	8	2017-06-16	20170616
109	cp_weather	天气	2017-06-16-21	10	0.909091	1	0.090909	11	2017-06-16	20170616
109	cp_weather	天气	2017-06-16-22	11	1.0	0	0.0	11	2017-06-16	20170616
109	cp_weather	天气	2017-06-16-23	11	1.0	0	0.0	11	2017-06-16	20170616
113	cp_radio	电台	2017-06-16-00	3100	1.0	0	0.0	3100	2017-06-16	20170616
113	cp_radio	电台	2017-06-16-01	3502	1.0	0	0.0	3502	2017-06-16	20170616
113	cp_radio	电台	2017-06-16-02	3509	1.0	0	0.0	3509	2017-06-16	20170616
113	cp_radio	电台	2017-06-16-03	3670	1.0	0	0.0	3670	2017-06-16	20170616
113	cp_radio	电台	2017-06-16-04	3272	1.0	0	0.0	3272	2017-06-16	20170616
113	cp_radio	电台	2017-06-16-05	304	1.0	0	0.0	304	2017-06-16	20170616
113	cp_radio	电台	2017-06-16-06	196	1.0	0	0.0	196	2017-06-16	20170616
113	cp_radio	电台	2017-06-16-07	5	1.0	0	0.0	5	2017-06-16	20170616
113	cp_radio	电台	2017-06-16-08	58	0.983051	1	0.016949	59	2017-06-16	20170616
113	cp_radio	电台	2017-06-16-09	719	0.998611	1	0.001389	720	2017-06-16	20170616
113	cp_radio	电台	2017-06-16-10	2429	0.998766	3	0.001234	2432	2017-06-16	20170616
113	cp_radio	电台	2017-06-16-11	1755	0.999431	1	5.69E-4	1756	2017-06-16	20170616
113	cp_radio	电台	2017-06-16-12	1022	1.0	0	0.0	1022	2017-06-16	20170616
113	cp_radio	电台	2017-06-16-13	1561	1.0	0	0.0	1561	2017-06-16	20170616
113	cp_radio	电台	2017-06-16-14	3162	1.0	0	0.0	3162	2017-06-16	20170616
113	cp_radio	电台	2017-06-16-15	3238	1.0	0	0.0	3238	2017-06-16	20170616
113	cp_radio	电台	2017-06-16-16	1875	1.0	0	0.0	1875	2017-06-16	20170616
113	cp_radio	电台	2017-06-16-17	1211	1.0	0	0.0	1211	2017-06-16	20170616
113	cp_radio	电台	2017-06-16-18	510	0.996094	2	0.003906	512	2017-06-16	20170616
113	cp_radio	电台	2017-06-16-19	89	1.0	0	0.0	89	2017-06-16	20170616
113	cp_radio	电台	2017-06-16-20	86	1.0	0	0.0	86	2017-06-16	20170616
113	cp_radio	电台	2017-06-16-21	5	1.0	0	0.0	5	2017-06-16	20170616
113	cp_radio	电台	2017-06-16-22	46	1.0	0	0.0	46	2017-06-16	20170616
113	cp_radio	电台	2017-06-16-23	5	1.0	0	0.0	5	2017-06-16	20170616
109	cp_weather	天气	2017-06-17-00	11	1.0	0	0.0	11	2017-06-17	20170617
109	cp_weather	天气	2017-06-17-01	11	1.0	0	0.0	11	2017-06-17	20170617
109	cp_weather	天气	2017-06-17-02	9	1.0	0	0.0	9	2017-06-17	20170617
109	cp_weather	天气	2017-06-17-03	11	1.0	0	0.0	11	2017-06-17	20170617
109	cp_weather	天气	2017-06-17-04	12	1.0	0	0.0	12	2017-06-17	20170617
109	cp_weather	天气	2017-06-17-05	9	0.9	1	0.1	10	2017-06-17	20170617
109	cp_weather	天气	2017-06-17-06	11	1.0	0	0.0	11	2017-06-17	20170617
109	cp_weather	天气	2017-06-17-07	10	1.0	0	0.0	10	2017-06-17	20170617
109	cp_weather	天气	2017-06-17-08	5	1.0	0	0.0	5	2017-06-17	20170617
109	cp_weather	天气	2017-06-17-09	1	0.5	1	0.5	2	2017-06-17	20170617
109	cp_weather	天气	2017-06-17-10	5	1.0	0	0.0	5	2017-06-17	20170617
109	cp_weather	天气	2017-06-17-11	5	0.833333	1	0.166667	6	2017-06-17	20170617
109	cp_weather	天气	2017-06-17-12	5	1.0	0	0.0	5	2017-06-17	20170617
109	cp_weather	天气	2017-06-17-13	6	1.0	0	0.0	6	2017-06-17	20170617
109	cp_weather	天气	2017-06-17-14	5	1.0	0	0.0	5	2017-06-17	20170617
109	cp_weather	天气	2017-06-17-15	6	1.0	0	0.0	6	2017-06-17	20170617
109	cp_weather	天气	2017-06-17-16	5	1.0	0	0.0	5	2017-06-17	20170617
109	cp_weather	天气	2017-06-17-17	4	1.0	0	0.0	4	2017-06-17	20170617
109	cp_weather	天气	2017-06-17-18	7	1.0	0	0.0	7	2017-06-17	20170617
109	cp_weather	天气	2017-06-17-19	4	0.8	1	0.2	5	2017-06-17	20170617
109	cp_weather	天气	2017-06-17-20	8	0.8	2	0.2	10	2017-06-17	20170617
109	cp_weather	天气	2017-06-17-21	5	1.0	0	0.0	5	2017-06-17	20170617
109	cp_weather	天气	2017-06-17-22	6	1.0	0	0.0	6	2017-06-17	20170617
109	cp_weather	天气	2017-06-17-23	4	1.0	0	0.0	4	2017-06-17	20170617
113	cp_radio	电台	2017-06-17-00	196	1.0	0	0.0	196	2017-06-17	20170617
113	cp_radio	电台	2017-06-17-01	809	1.0	0	0.0	809	2017-06-17	20170617
113	cp_radio	电台	2017-06-17-02	784	1.0	0	0.0	784	2017-06-17	20170617
113	cp_radio	电台	2017-06-17-03	300	1.0	0	0.0	300	2017-06-17	20170617
113	cp_radio	电台	2017-06-17-04	211	1.0	0	0.0	211	2017-06-17	20170617
113	cp_radio	电台	2017-06-17-05	129	1.0	0	0.0	129	2017-06-17	20170617
113	cp_radio	电台	2017-06-17-06	86	1.0	0	0.0	86	2017-06-17	20170617
113	cp_radio	电台	2017-06-17-07	98	1.0	0	0.0	98	2017-06-17	20170617
113	cp_radio	电台	2017-06-17-08	106	1.0	0	0.0	106	2017-06-17	20170617
113	cp_radio	电台	2017-06-17-09	138	1.0	0	0.0	138	2017-06-17	20170617
113	cp_radio	电台	2017-06-17-10	665	0.995509	3	0.004491	668	2017-06-17	20170617
113	cp_radio	电台	2017-06-17-11	680	1.0	0	0.0	680	2017-06-17	20170617
113	cp_radio	电台	2017-06-17-12	155	1.0	0	0.0	155	2017-06-17	20170617
113	cp_radio	电台	2017-06-17-13	461	1.0	0	0.0	461	2017-06-17	20170617
113	cp_radio	电台	2017-06-17-14	1157	1.0	0	0.0	1157	2017-06-17	20170617
113	cp_radio	电台	2017-06-17-15	1054	1.0	0	0.0	1054	2017-06-17	20170617
113	cp_radio	电台	2017-06-17-16	1410	0.999291	1	7.09E-4	1411	2017-06-17	20170617
113	cp_radio	电台	2017-06-17-17	741	1.0	0	0.0	741	2017-06-17	20170617
113	cp_radio	电台	2017-06-17-18	482	0.995868	2	0.004132	484	2017-06-17	20170617
113	cp_radio	电台	2017-06-17-19	5	1.0	0	0.0	5	2017-06-17	20170617
113	cp_radio	电台	2017-06-17-20	89	1.0	0	0.0	89	2017-06-17	20170617
113	cp_radio	电台	2017-06-17-21	52	1.0	0	0.0	52	2017-06-17	20170617
113	cp_radio	电台	2017-06-17-22	47	1.0	0	0.0	47	2017-06-17	20170617
113	cp_radio	电台	2017-06-17-23	5	1.0	0	0.0	5	2017-06-17	20170617
109	cp_weather	天气	2017-06-18-00	3	1.0	0	0.0	3	2017-06-18	20170618
109	cp_weather	天气	2017-06-18-01	4	1.0	0	0.0	4	2017-06-18	20170618
109	cp_weather	天气	2017-06-18-02	3	1.0	0	0.0	3	2017-06-18	20170618
109	cp_weather	天气	2017-06-18-09	2	1.0	0	0.0	2	2017-06-18	20170618
109	cp_weather	天气	2017-06-18-10	4	1.0	0	0.0	4	2017-06-18	20170618
109	cp_weather	天气	2017-06-18-11	6	1.0	0	0.0	6	2017-06-18	20170618
109	cp_weather	天气	2017-06-18-12	4	1.0	0	0.0	4	2017-06-18	20170618
109	cp_weather	天气	2017-06-18-13	3	1.0	0	0.0	3	2017-06-18	20170618
109	cp_weather	天气	2017-06-18-14	7	1.0	0	0.0	7	2017-06-18	20170618
109	cp_weather	天气	2017-06-18-15	7	0.875	1	0.125	8	2017-06-18	20170618
109	cp_weather	天气	2017-06-18-16	6	0.857143	1	0.142857	7	2017-06-18	20170618
109	cp_weather	天气	2017-06-18-17	5	1.0	0	0.0	5	2017-06-18	20170618
109	cp_weather	天气	2017-06-18-18	5	1.0	0	0.0	5	2017-06-18	20170618
109	cp_weather	天气	2017-06-18-19	5	1.0	0	0.0	5	2017-06-18	20170618
109	cp_weather	天气	2017-06-18-20	5	1.0	0	0.0	5	2017-06-18	20170618
109	cp_weather	天气	2017-06-18-21	4	0.8	1	0.2	5	2017-06-18	20170618
109	cp_weather	天气	2017-06-18-22	4	1.0	0	0.0	4	2017-06-18	20170618
109	cp_weather	天气	2017-06-18-23	5	1.0	0	0.0	5	2017-06-18	20170618
113	cp_radio	电台	2017-06-18-00	5	1.0	0	0.0	5	2017-06-18	20170618
113	cp_radio	电台	2017-06-18-01	46	1.0	0	0.0	46	2017-06-18	20170618
113	cp_radio	电台	2017-06-18-02	78	1.0	0	0.0	78	2017-06-18	20170618
113	cp_radio	电台	2017-06-18-09	678	1.0	0	0.0	678	2017-06-18	20170618
113	cp_radio	电台	2017-06-18-10	1113	1.0	0	0.0	1113	2017-06-18	20170618
113	cp_radio	电台	2017-06-18-11	1063	1.0	0	0.0	1063	2017-06-18	20170618
113	cp_radio	电台	2017-06-18-12	896	1.0	0	0.0	896	2017-06-18	20170618
113	cp_radio	电台	2017-06-18-13	2	1.0	0	0.0	2	2017-06-18	20170618
113	cp_radio	电台	2017-06-18-14	43	0.977273	1	0.022727	44	2017-06-18	20170618
113	cp_radio	电台	2017-06-18-15	5	1.0	0	0.0	5	2017-06-18	20170618
113	cp_radio	电台	2017-06-18-16	87	1.0	0	0.0	87	2017-06-18	20170618
113	cp_radio	电台	2017-06-18-17	87	1.0	0	0.0	87	2017-06-18	20170618
113	cp_radio	电台	2017-06-18-18	2	0.4	3	0.6	5	2017-06-18	20170618
113	cp_radio	电台	2017-06-18-19	5	1.0	0	0.0	5	2017-06-18	20170618
113	cp_radio	电台	2017-06-18-20	84	1.0	0	0.0	84	2017-06-18	20170618
113	cp_radio	电台	2017-06-18-21	42	1.0	0	0.0	42	2017-06-18	20170618
113	cp_radio	电台	2017-06-18-22	5	1.0	0	0.0	5	2017-06-18	20170618
113	cp_radio	电台	2017-06-18-23	5	1.0	0	0.0	5	2017-06-18	20170618
109	cp_weather	天气	2017-06-19-00	5	1.0	0	0.0	5	2017-06-19	20170619
109	cp_weather	天气	2017-06-19-01	6	1.0	0	0.0	6	2017-06-19	20170619
109	cp_weather	天气	2017-06-19-02	7	1.0	0	0.0	7	2017-06-19	20170619
109	cp_weather	天气	2017-06-19-03	5	1.0	0	0.0	5	2017-06-19	20170619
109	cp_weather	天气	2017-06-19-04	5	1.0	0	0.0	5	2017-06-19	20170619
109	cp_weather	天气	2017-06-19-05	5	1.0	0	0.0	5	2017-06-19	20170619
109	cp_weather	天气	2017-06-19-06	6	1.0	0	0.0	6	2017-06-19	20170619
109	cp_weather	天气	2017-06-19-07	5	0.833333	1	0.166667	6	2017-06-19	20170619
109	cp_weather	天气	2017-06-19-08	5	1.0	0	0.0	5	2017-06-19	20170619
109	cp_weather	天气	2017-06-19-09	5	1.0	0	0.0	5	2017-06-19	20170619
109	cp_weather	天气	2017-06-19-10	4	1.0	0	0.0	4	2017-06-19	20170619
109	cp_weather	天气	2017-06-19-11	8	1.0	0	0.0	8	2017-06-19	20170619
109	cp_weather	天气	2017-06-19-12	8	1.0	0	0.0	8	2017-06-19	20170619
109	cp_weather	天气	2017-06-19-13	7	1.0	0	0.0	7	2017-06-19	20170619
109	cp_weather	天气	2017-06-19-14	4	0.8	1	0.2	5	2017-06-19	20170619
109	cp_weather	天气	2017-06-19-15	8	1.0	0	0.0	8	2017-06-19	20170619
109	cp_weather	天气	2017-06-19-16	7	0.875	1	0.125	8	2017-06-19	20170619
109	cp_weather	天气	2017-06-19-17	14	0.875	2	0.125	16	2017-06-19	20170619
109	cp_weather	天气	2017-06-19-18	13	0.928571	1	0.071429	14	2017-06-19	20170619
109	cp_weather	天气	2017-06-19-19	9	0.75	3	0.25	12	2017-06-19	20170619
113	cp_radio	电台	2017-06-19-00	5	1.0	0	0.0	5	2017-06-19	20170619
113	cp_radio	电台	2017-06-19-01	5	1.0	0	0.0	5	2017-06-19	20170619
113	cp_radio	电台	2017-06-19-02	45	0.978261	1	0.021739	46	2017-06-19	20170619
113	cp_radio	电台	2017-06-19-03	15	1.0	0	0.0	15	2017-06-19	20170619
113	cp_radio	电台	2017-06-19-04	75	1.0	0	0.0	75	2017-06-19	20170619
113	cp_radio	电台	2017-06-19-05	46	1.0	0	0.0	46	2017-06-19	20170619
113	cp_radio	电台	2017-06-19-06	5	1.0	0	0.0	5	2017-06-19	20170619
113	cp_radio	电台	2017-06-19-07	46	1.0	0	0.0	46	2017-06-19	20170619
113	cp_radio	电台	2017-06-19-08	87	1.0	0	0.0	87	2017-06-19	20170619
113	cp_radio	电台	2017-06-19-09	761	0.998688	1	0.001312	762	2017-06-19	20170619
113	cp_radio	电台	2017-06-19-10	1694	0.998232	3	0.001768	1697	2017-06-19	20170619
113	cp_radio	电台	2017-06-19-11	2384	1.0	0	0.0	2384	2017-06-19	20170619
113	cp_radio	电台	2017-06-19-12	413	1.0	0	0.0	413	2017-06-19	20170619
113	cp_radio	电台	2017-06-19-13	1161	1.0	0	0.0	1161	2017-06-19	20170619
113	cp_radio	电台	2017-06-19-14	1619	1.0	0	0.0	1619	2017-06-19	20170619
113	cp_radio	电台	2017-06-19-15	2519	0.999603	1	3.97E-4	2520	2017-06-19	20170619
113	cp_radio	电台	2017-06-19-16	2464	1.0	0	0.0	2464	2017-06-19	20170619
113	cp_radio	电台	2017-06-19-17	1839	1.0	0	0.0	1839	2017-06-19	20170619
113	cp_radio	电台	2017-06-19-18	744	0.995984	3	0.004016	747	2017-06-19	20170619
113	cp_radio	电台	2017-06-19-19	80	1.0	0	0.0	80	2017-06-19	20170619
109	cp_weather	天气	2017-06-22-15	52	1.0	0	0.0	52	2017-06-22	20170622
109	cp_weather	天气	2017-06-22-16	135	0.978261	3	0.021739	138	2017-06-22	20170622
109	cp_weather	天气	2017-06-22-17	34	0.944444	2	0.055556	36	2017-06-22	20170622
109	cp_weather	天气	2017-06-22-18	24	0.774194	7	0.225806	31	2017-06-22	20170622
109	cp_weather	天气	2017-06-22-19	26	0.866667	4	0.133333	30	2017-06-22	20170622
109	cp_weather	天气	2017-06-22-20	24	1.0	0	0.0	24	2017-06-22	20170622
109	cp_weather	天气	2017-06-22-21	14	1.0	0	0.0	14	2017-06-22	20170622
109	cp_weather	天气	2017-06-22-22	19	0.826087	4	0.173913	23	2017-06-22	20170622
109	cp_weather	天气	2017-06-22-23	20	1.0	0	0.0	20	2017-06-22	20170622
110	cp_geo	地理/逆地理编码	2017-06-22-15	4	1.0	0	0.0	4	2017-06-22	20170622
110	cp_geo	地理/逆地理编码	2017-06-22-16	42	1.0	0	0.0	42	2017-06-22	20170622
110	cp_geo	地理/逆地理编码	2017-06-22-17	8	1.0	0	0.0	8	2017-06-22	20170622
111	cp_poi	兴趣点查询	2017-06-22-15	18	0.818182	4	0.181818	22	2017-06-22	20170622
111	cp_poi	兴趣点查询	2017-06-22-16	189	0.818182	42	0.181818	231	2017-06-22	20170622
111	cp_poi	兴趣点查询	2017-06-22-17	36	0.8	9	0.2	45	2017-06-22	20170622
112	cp_translation	翻译	2017-06-22-15	2	1.0	0	0.0	2	2017-06-22	20170622
112	cp_translation	翻译	2017-06-22-16	21	1.0	0	0.0	21	2017-06-22	20170622
112	cp_translation	翻译	2017-06-22-17	4	1.0	0	0.0	4	2017-06-22	20170622
113	cp_radio	电台	2017-06-22-15	1909	1.0	0	0.0	1909	2017-06-22	20170622
113	cp_radio	电台	2017-06-22-16	3024	1.0	0	0.0	3024	2017-06-22	20170622
113	cp_radio	电台	2017-06-22-17	2756	0.999275	2	7.25E-4	2758	2017-06-22	20170622
113	cp_radio	电台	2017-06-22-18	1070	1.0	0	0.0	1070	2017-06-22	20170622
113	cp_radio	电台	2017-06-22-19	1013	0.999014	1	9.86E-4	1014	2017-06-22	20170622
113	cp_radio	电台	2017-06-22-20	970	1.0	0	0.0	970	2017-06-22	20170622
113	cp_radio	电台	2017-06-22-21	923	1.0	0	0.0	923	2017-06-22	20170622
113	cp_radio	电台	2017-06-22-22	653	1.0	0	0.0	653	2017-06-22	20170622
113	cp_radio	电台	2017-06-22-23	243	1.0	0	0.0	243	2017-06-22	20170622
114	cp_parking	停车场	2017-06-22-15	10	0.555556	8	0.444444	18	2017-06-22	20170622
114	cp_parking	停车场	2017-06-22-16	105	0.558511	83	0.441489	188	2017-06-22	20170622
114	cp_parking	停车场	2017-06-22-17	20	0.555556	16	0.444444	36	2017-06-22	20170622
114	cp_parking	停车场	2017-06-22-19	3	1.0	0	0.0	3	2017-06-22	20170622
114	cp_parking	停车场	2017-06-22-20	1	1.0	0	0.0	1	2017-06-22	20170622
114	cp_parking	停车场	2017-06-22-23	2	1.0	0	0.0	2	2017-06-22	20170622
115	cp_news	新闻	2017-06-22-15	4	0.666667	2	0.333333	6	2017-06-22	20170622
115	cp_news	新闻	2017-06-22-16	42	0.666667	21	0.333333	63	2017-06-22	20170622
115	cp_news	新闻	2017-06-22-17	8	0.615385	5	0.384615	13	2017-06-22	20170622
116	cp_gas	加油站	2017-06-22-15	36	0.9	4	0.1	40	2017-06-22	20170622
116	cp_gas	加油站	2017-06-22-16	378	0.9	42	0.1	420	2017-06-22	20170622
116	cp_gas	加油站	2017-06-22-17	72	0.9	8	0.1	80	2017-06-22	20170622
116	cp_gas	加油站	2017-06-22-19	1	1.0	0	0.0	1	2017-06-22	20170622
116	cp_gas	加油站	2017-06-22-20	1	1.0	0	0.0	1	2017-06-22	20170622
117	cp_violate	违章查询	2017-06-22-15	9	1.0	0	0.0	9	2017-06-22	20170622
117	cp_violate	违章查询	2017-06-22-16	42	1.0	0	0.0	42	2017-06-22	20170622
117	cp_violate	违章查询	2017-06-22-17	8	1.0	0	0.0	8	2017-06-22	20170622
117	cp_violate	违章查询	2017-06-22-19	1	1.0	0	0.0	1	2017-06-22	20170622
118	cp_stock	股票	2017-06-22-15	10	1.0	0	0.0	10	2017-06-22	20170622
118	cp_stock	股票	2017-06-22-16	105	1.0	0	0.0	105	2017-06-22	20170622
118	cp_stock	股票	2017-06-22-17	20	1.0	0	0.0	20	2017-06-22	20170622
120	cp_limit	限行限号	2017-06-22-15	2	0.333333	4	0.666667	6	2017-06-22	20170622
120	cp_limit	限行限号	2017-06-22-16	21	0.333333	42	0.666667	63	2017-06-22	20170622
120	cp_limit	限行限号	2017-06-22-17	4	0.333333	8	0.666667	12	2017-06-22	20170622
121	cp_city	城市统一编码查询	2017-06-22-15	14	1.0	0	0.0	14	2017-06-22	20170622
121	cp_city	城市统一编码查询	2017-06-22-16	147	1.0	0	0.0	147	2017-06-22	20170622
121	cp_city	城市统一编码查询	2017-06-22-17	28	1.0	0	0.0	28	2017-06-22	20170622
121	cp_city	城市统一编码查询	2017-06-22-19	2	1.0	0	0.0	2	2017-06-22	20170622
109	cp_weather	天气	2017-06-23-00	20	1.0	0	0.0	20	2017-06-23	20170623
109	cp_weather	天气	2017-06-23-01	20	0.833333	4	0.166667	24	2017-06-23	20170623
109	cp_weather	天气	2017-06-23-02	20	1.0	0	0.0	20	2017-06-23	20170623
109	cp_weather	天气	2017-06-23-03	19	1.0	0	0.0	19	2017-06-23	20170623
109	cp_weather	天气	2017-06-23-04	20	1.0	0	0.0	20	2017-06-23	20170623
109	cp_weather	天气	2017-06-23-05	20	1.0	0	0.0	20	2017-06-23	20170623
109	cp_weather	天气	2017-06-23-06	20	1.0	0	0.0	20	2017-06-23	20170623
109	cp_weather	天气	2017-06-23-07	20	1.0	0	0.0	20	2017-06-23	20170623
109	cp_weather	天气	2017-06-23-08	20	1.0	0	0.0	20	2017-06-23	20170623
109	cp_weather	天气	2017-06-23-09	20	1.0	0	0.0	20	2017-06-23	20170623
109	cp_weather	天气	2017-06-23-10	47	1.0	0	0.0	47	2017-06-23	20170623
109	cp_weather	天气	2017-06-23-11	24	1.0	0	0.0	24	2017-06-23	20170623
109	cp_weather	天气	2017-06-23-12	20	1.0	0	0.0	20	2017-06-23	20170623
109	cp_weather	天气	2017-06-23-13	45	0.671642	22	0.328358	67	2017-06-23	20170623
109	cp_weather	天气	2017-06-23-14	35	0.853659	6	0.146341	41	2017-06-23	20170623
109	cp_weather	天气	2017-06-23-15	36	0.947368	2	0.052632	38	2017-06-23	20170623
109	cp_weather	天气	2017-06-23-16	55	0.753425	18	0.246575	73	2017-06-23	20170623
109	cp_weather	天气	2017-06-23-17	46	0.69697	20	0.30303	66	2017-06-23	20170623
109	cp_weather	天气	2017-06-23-18	35	0.945946	2	0.054054	37	2017-06-23	20170623
109	cp_weather	天气	2017-06-23-19	34	0.708333	14	0.291667	48	2017-06-23	20170623
109	cp_weather	天气	2017-06-23-20	25	0.806452	6	0.193548	31	2017-06-23	20170623
109	cp_weather	天气	2017-06-23-21	20	1.0	0	0.0	20	2017-06-23	20170623
109	cp_weather	天气	2017-06-23-22	19	1.0	0	0.0	19	2017-06-23	20170623
109	cp_weather	天气	2017-06-23-23	13	1.0	0	0.0	13	2017-06-23	20170623
110	cp_geo	地理/逆地理编码	2017-06-23-10	2	1.0	0	0.0	2	2017-06-23	20170623
110	cp_geo	地理/逆地理编码	2017-06-23-11	2	1.0	0	0.0	2	2017-06-23	20170623
111	cp_poi	兴趣点查询	2017-06-23-11	9	0.818182	2	0.181818	11	2017-06-23	20170623
113	cp_radio	电台	2017-06-23-00	89	1.0	0	0.0	89	2017-06-23	20170623
113	cp_radio	电台	2017-06-23-01	87	1.0	0	0.0	87	2017-06-23	20170623
113	cp_radio	电台	2017-06-23-02	5	1.0	0	0.0	5	2017-06-23	20170623
113	cp_radio	电台	2017-06-23-03	128	0.992248	1	0.007752	129	2017-06-23	20170623
113	cp_radio	电台	2017-06-23-04	95	1.0	0	0.0	95	2017-06-23	20170623
113	cp_radio	电台	2017-06-23-05	128	1.0	0	0.0	128	2017-06-23	20170623
113	cp_radio	电台	2017-06-23-06	87	1.0	0	0.0	87	2017-06-23	20170623
113	cp_radio	电台	2017-06-23-07	46	1.0	0	0.0	46	2017-06-23	20170623
113	cp_radio	电台	2017-06-23-08	142	1.0	0	0.0	142	2017-06-23	20170623
113	cp_radio	电台	2017-06-23-09	603	0.991776	5	0.008224	608	2017-06-23	20170623
113	cp_radio	电台	2017-06-23-10	2113	0.997639	5	0.002361	2118	2017-06-23	20170623
113	cp_radio	电台	2017-06-23-11	2233	0.997766	5	0.002234	2238	2017-06-23	20170623
113	cp_radio	电台	2017-06-23-12	502	1.0	0	0.0	502	2017-06-23	20170623
113	cp_radio	电台	2017-06-23-13	1755	1.0	0	0.0	1755	2017-06-23	20170623
113	cp_radio	电台	2017-06-23-14	4847	0.999794	1	2.06E-4	4848	2017-06-23	20170623
113	cp_radio	电台	2017-06-23-15	4394	0.998863	5	0.001137	4399	2017-06-23	20170623
113	cp_radio	电台	2017-06-23-16	4959	0.999798	1	2.02E-4	4960	2017-06-23	20170623
113	cp_radio	电台	2017-06-23-17	2576	0.999612	1	3.88E-4	2577	2017-06-23	20170623
113	cp_radio	电台	2017-06-23-18	1956	1.0	0	0.0	1956	2017-06-23	20170623
113	cp_radio	电台	2017-06-23-19	3031	1.0	0	0.0	3031	2017-06-23	20170623
113	cp_radio	电台	2017-06-23-20	3939	0.999746	1	2.54E-4	3940	2017-06-23	20170623
113	cp_radio	电台	2017-06-23-21	2774	0.99928	2	7.2E-4	2776	2017-06-23	20170623
113	cp_radio	电台	2017-06-23-22	3289	0.998785	4	0.001215	3293	2017-06-23	20170623
113	cp_radio	电台	2017-06-23-23	3203	1.0	0	0.0	3203	2017-06-23	20170623
114	cp_parking	停车场	2017-06-23-10	8	0.666667	4	0.333333	12	2017-06-23	20170623
114	cp_parking	停车场	2017-06-23-11	5	0.555556	4	0.444444	9	2017-06-23	20170623
115	cp_news	新闻	2017-06-23-11	2	0.666667	1	0.333333	3	2017-06-23	20170623
116	cp_gas	加油站	2017-06-23-11	18	0.9	2	0.1	20	2017-06-23	20170623
118	cp_stock	股票	2017-06-23-11	5	1.0	0	0.0	5	2017-06-23	20170623
121	cp_city	城市统一编码查询	2017-06-23-10	7	1.0	0	0.0	7	2017-06-23	20170623
121	cp_city	城市统一编码查询	2017-06-23-11	7	1.0	0	0.0	7	2017-06-23	20170623
121	cp_city	城市统一编码查询	2017-06-23-13	6	1.0	0	0.0	6	2017-06-23	20170623
121	cp_city	城市统一编码查询	2017-06-23-14	1	1.0	0	0.0	1	2017-06-23	20170623
121	cp_city	城市统一编码查询	2017-06-23-16	1	1.0	0	0.0	1	2017-06-23	20170623
109	cp_weather	天气	2017-06-24-00	15	1.0	0	0.0	15	2017-06-24	20170624
109	cp_weather	天气	2017-06-24-01	20	1.0	0	0.0	20	2017-06-24	20170624
109	cp_weather	天气	2017-06-24-02	20	1.0	0	0.0	20	2017-06-24	20170624
109	cp_weather	天气	2017-06-24-03	20	1.0	0	0.0	20	2017-06-24	20170624
109	cp_weather	天气	2017-06-24-04	14	1.0	0	0.0	14	2017-06-24	20170624
109	cp_weather	天气	2017-06-24-05	14	1.0	0	0.0	14	2017-06-24	20170624
109	cp_weather	天气	2017-06-24-06	14	1.0	0	0.0	14	2017-06-24	20170624
109	cp_weather	天气	2017-06-24-07	14	1.0	0	0.0	14	2017-06-24	20170624
109	cp_weather	天气	2017-06-24-08	8	1.0	0	0.0	8	2017-06-24	20170624
109	cp_weather	天气	2017-06-24-09	11	1.0	0	0.0	11	2017-06-24	20170624
109	cp_weather	天气	2017-06-24-10	13	1.0	0	0.0	13	2017-06-24	20170624
109	cp_weather	天气	2017-06-24-11	18	1.0	0	0.0	18	2017-06-24	20170624
109	cp_weather	天气	2017-06-24-12	20	1.0	0	0.0	20	2017-06-24	20170624
109	cp_weather	天气	2017-06-24-13	19	1.0	0	0.0	19	2017-06-24	20170624
109	cp_weather	天气	2017-06-24-14	14	1.0	0	0.0	14	2017-06-24	20170624
109	cp_weather	天气	2017-06-24-15	13	1.0	0	0.0	13	2017-06-24	20170624
109	cp_weather	天气	2017-06-24-16	6	1.0	0	0.0	6	2017-06-24	20170624
109	cp_weather	天气	2017-06-24-17	11	1.0	0	0.0	11	2017-06-24	20170624
109	cp_weather	天气	2017-06-24-18	12	1.0	0	0.0	12	2017-06-24	20170624
109	cp_weather	天气	2017-06-24-19	14	1.0	0	0.0	14	2017-06-24	20170624
109	cp_weather	天气	2017-06-24-20	14	1.0	0	0.0	14	2017-06-24	20170624
109	cp_weather	天气	2017-06-24-21	14	1.0	0	0.0	14	2017-06-24	20170624
109	cp_weather	天气	2017-06-24-22	14	1.0	0	0.0	14	2017-06-24	20170624
109	cp_weather	天气	2017-06-24-23	14	1.0	0	0.0	14	2017-06-24	20170624
113	cp_radio	电台	2017-06-24-00	2749	1.0	0	0.0	2749	2017-06-24	20170624
113	cp_radio	电台	2017-06-24-01	3292	1.0	0	0.0	3292	2017-06-24	20170624
113	cp_radio	电台	2017-06-24-02	2726	0.999633	1	3.67E-4	2727	2017-06-24	20170624
113	cp_radio	电台	2017-06-24-03	2813	1.0	0	0.0	2813	2017-06-24	20170624
113	cp_radio	电台	2017-06-24-04	2826	1.0	0	0.0	2826	2017-06-24	20170624
113	cp_radio	电台	2017-06-24-05	2659	1.0	0	0.0	2659	2017-06-24	20170624
113	cp_radio	电台	2017-06-24-06	2765	1.0	0	0.0	2765	2017-06-24	20170624
113	cp_radio	电台	2017-06-24-07	2737	0.999635	1	3.65E-4	2738	2017-06-24	20170624
113	cp_radio	电台	2017-06-24-08	2615	1.0	0	0.0	2615	2017-06-24	20170624
113	cp_radio	电台	2017-06-24-09	2446	1.0	0	0.0	2446	2017-06-24	20170624
113	cp_radio	电台	2017-06-24-10	452	0.991228	4	0.008772	456	2017-06-24	20170624
113	cp_radio	电台	2017-06-24-11	483	0.985714	7	0.014286	490	2017-06-24	20170624
113	cp_radio	电台	2017-06-24-12	414	1.0	0	0.0	414	2017-06-24	20170624
113	cp_radio	电台	2017-06-24-13	654	1.0	0	0.0	654	2017-06-24	20170624
113	cp_radio	电台	2017-06-24-14	1118	0.999106	1	8.94E-4	1119	2017-06-24	20170624
113	cp_radio	电台	2017-06-24-15	909	1.0	0	0.0	909	2017-06-24	20170624
113	cp_radio	电台	2017-06-24-16	1618	0.998765	2	0.001235	1620	2017-06-24	20170624
113	cp_radio	电台	2017-06-24-17	2688	0.998885	3	0.001115	2691	2017-06-24	20170624
113	cp_radio	电台	2017-06-24-18	3698	0.999459	2	5.41E-4	3700	2017-06-24	20170624
113	cp_radio	电台	2017-06-24-19	3884	0.999228	3	7.72E-4	3887	2017-06-24	20170624
113	cp_radio	电台	2017-06-24-20	3523	0.999716	1	2.84E-4	3524	2017-06-24	20170624
113	cp_radio	电台	2017-06-24-21	2936	1.0	0	0.0	2936	2017-06-24	20170624
113	cp_radio	电台	2017-06-24-22	3023	1.0	0	0.0	3023	2017-06-24	20170624
113	cp_radio	电台	2017-06-24-23	2853	1.0	0	0.0	2853	2017-06-24	20170624
109	cp_weather	天气	2017-06-25-00	14	1.0	0	0.0	14	2017-06-25	20170625
109	cp_weather	天气	2017-06-25-01	14	1.0	0	0.0	14	2017-06-25	20170625
109	cp_weather	天气	2017-06-25-02	14	1.0	0	0.0	14	2017-06-25	20170625
109	cp_weather	天气	2017-06-25-03	12	1.0	0	0.0	12	2017-06-25	20170625
109	cp_weather	天气	2017-06-25-04	14	1.0	0	0.0	14	2017-06-25	20170625
109	cp_weather	天气	2017-06-25-05	14	1.0	0	0.0	14	2017-06-25	20170625
109	cp_weather	天气	2017-06-25-06	14	1.0	0	0.0	14	2017-06-25	20170625
109	cp_weather	天气	2017-06-25-07	14	1.0	0	0.0	14	2017-06-25	20170625
109	cp_weather	天气	2017-06-25-08	14	1.0	0	0.0	14	2017-06-25	20170625
109	cp_weather	天气	2017-06-25-09	14	0.875	2	0.125	16	2017-06-25	20170625
109	cp_weather	天气	2017-06-25-10	14	1.0	0	0.0	14	2017-06-25	20170625
109	cp_weather	天气	2017-06-25-11	14	1.0	0	0.0	14	2017-06-25	20170625
109	cp_weather	天气	2017-06-25-12	14	1.0	0	0.0	14	2017-06-25	20170625
109	cp_weather	天气	2017-06-25-13	14	1.0	0	0.0	14	2017-06-25	20170625
109	cp_weather	天气	2017-06-25-14	14	1.0	0	0.0	14	2017-06-25	20170625
109	cp_weather	天气	2017-06-25-15	14	1.0	0	0.0	14	2017-06-25	20170625
109	cp_weather	天气	2017-06-25-16	12	1.0	0	0.0	12	2017-06-25	20170625
109	cp_weather	天气	2017-06-25-17	10	1.0	0	0.0	10	2017-06-25	20170625
109	cp_weather	天气	2017-06-25-18	8	1.0	0	0.0	8	2017-06-25	20170625
109	cp_weather	天气	2017-06-25-19	8	1.0	0	0.0	8	2017-06-25	20170625
109	cp_weather	天气	2017-06-25-20	8	1.0	0	0.0	8	2017-06-25	20170625
109	cp_weather	天气	2017-06-25-21	8	1.0	0	0.0	8	2017-06-25	20170625
109	cp_weather	天气	2017-06-25-22	8	1.0	0	0.0	8	2017-06-25	20170625
109	cp_weather	天气	2017-06-25-23	8	1.0	0	0.0	8	2017-06-25	20170625
113	cp_radio	电台	2017-06-25-00	2597	1.0	0	0.0	2597	2017-06-25	20170625
113	cp_radio	电台	2017-06-25-01	2490	1.0	0	0.0	2490	2017-06-25	20170625
113	cp_radio	电台	2017-06-25-02	1606	1.0	0	0.0	1606	2017-06-25	20170625
113	cp_radio	电台	2017-06-25-03	25	1.0	0	0.0	25	2017-06-25	20170625
113	cp_radio	电台	2017-06-25-04	107	1.0	0	0.0	107	2017-06-25	20170625
113	cp_radio	电台	2017-06-25-05	5	1.0	0	0.0	5	2017-06-25	20170625
113	cp_radio	电台	2017-06-25-06	5	1.0	0	0.0	5	2017-06-25	20170625
113	cp_radio	电台	2017-06-25-07	44	1.0	0	0.0	44	2017-06-25	20170625
113	cp_radio	电台	2017-06-25-08	159	1.0	0	0.0	159	2017-06-25	20170625
113	cp_radio	电台	2017-06-25-09	206	1.0	0	0.0	206	2017-06-25	20170625
113	cp_radio	电台	2017-06-25-10	165	1.0	0	0.0	165	2017-06-25	20170625
113	cp_radio	电台	2017-06-25-11	198	1.0	0	0.0	198	2017-06-25	20170625
113	cp_radio	电台	2017-06-25-12	271	0.992674	2	0.007326	273	2017-06-25	20170625
113	cp_radio	电台	2017-06-25-13	301	1.0	0	0.0	301	2017-06-25	20170625
113	cp_radio	电台	2017-06-25-14	230	1.0	0	0.0	230	2017-06-25	20170625
113	cp_radio	电台	2017-06-25-15	308	0.990354	3	0.009646	311	2017-06-25	20170625
113	cp_radio	电台	2017-06-25-16	283	1.0	0	0.0	283	2017-06-25	20170625
113	cp_radio	电台	2017-06-25-17	237	1.0	0	0.0	237	2017-06-25	20170625
113	cp_radio	电台	2017-06-25-18	296	1.0	0	0.0	296	2017-06-25	20170625
113	cp_radio	电台	2017-06-25-19	208	1.0	0	0.0	208	2017-06-25	20170625
113	cp_radio	电台	2017-06-25-20	426	0.997658	1	0.002342	427	2017-06-25	20170625
113	cp_radio	电台	2017-06-25-21	300	1.0	0	0.0	300	2017-06-25	20170625
113	cp_radio	电台	2017-06-25-22	374	0.997333	1	0.002667	375	2017-06-25	20170625
113	cp_radio	电台	2017-06-25-23	203	1.0	0	0.0	203	2017-06-25	20170625
109	cp_weather	天气	2017-06-26-00	8	1.0	0	0.0	8	2017-06-26	20170626
109	cp_weather	天气	2017-06-26-01	8	1.0	0	0.0	8	2017-06-26	20170626
109	cp_weather	天气	2017-06-26-02	8	1.0	0	0.0	8	2017-06-26	20170626
109	cp_weather	天气	2017-06-26-03	8	1.0	0	0.0	8	2017-06-26	20170626
109	cp_weather	天气	2017-06-26-04	8	1.0	0	0.0	8	2017-06-26	20170626
109	cp_weather	天气	2017-06-26-05	8	1.0	0	0.0	8	2017-06-26	20170626
109	cp_weather	天气	2017-06-26-06	8	1.0	0	0.0	8	2017-06-26	20170626
109	cp_weather	天气	2017-06-26-07	8	1.0	0	0.0	8	2017-06-26	20170626
109	cp_weather	天气	2017-06-26-08	8	1.0	0	0.0	8	2017-06-26	20170626
109	cp_weather	天气	2017-06-26-09	8	1.0	0	0.0	8	2017-06-26	20170626
109	cp_weather	天气	2017-06-26-10	7	1.0	0	0.0	7	2017-06-26	20170626
109	cp_weather	天气	2017-06-26-11	7	1.0	0	0.0	7	2017-06-26	20170626
109	cp_weather	天气	2017-06-26-12	2	1.0	0	0.0	2	2017-06-26	20170626
109	cp_weather	天气	2017-06-26-13	2	1.0	0	0.0	2	2017-06-26	20170626
109	cp_weather	天气	2017-06-26-14	2	1.0	0	0.0	2	2017-06-26	20170626
109	cp_weather	天气	2017-06-26-15	3	0.75	1	0.25	4	2017-06-26	20170626
109	cp_weather	天气	2017-06-26-16	3	1.0	0	0.0	3	2017-06-26	20170626
109	cp_weather	天气	2017-06-26-17	8	0.333333	16	0.666667	24	2017-06-26	20170626
109	cp_weather	天气	2017-06-26-18	12	0.857143	2	0.142857	14	2017-06-26	20170626
109	cp_weather	天气	2017-06-26-19	8	1.0	0	0.0	8	2017-06-26	20170626
109	cp_weather	天气	2017-06-26-20	8	1.0	0	0.0	8	2017-06-26	20170626
109	cp_weather	天气	2017-06-26-21	8	1.0	0	0.0	8	2017-06-26	20170626
109	cp_weather	天气	2017-06-26-22	8	1.0	0	0.0	8	2017-06-26	20170626
109	cp_weather	天气	2017-06-26-23	8	1.0	0	0.0	8	2017-06-26	20170626
113	cp_radio	电台	2017-06-26-00	165	1.0	0	0.0	165	2017-06-26	20170626
113	cp_radio	电台	2017-06-26-01	202	0.995074	1	0.004926	203	2017-06-26	20170626
113	cp_radio	电台	2017-06-26-02	165	1.0	0	0.0	165	2017-06-26	20170626
113	cp_radio	电台	2017-06-26-03	157	1.0	0	0.0	157	2017-06-26	20170626
113	cp_radio	电台	2017-06-26-04	191	1.0	0	0.0	191	2017-06-26	20170626
113	cp_radio	电台	2017-06-26-05	165	1.0	0	0.0	165	2017-06-26	20170626
113	cp_radio	电台	2017-06-26-06	165	1.0	0	0.0	165	2017-06-26	20170626
113	cp_radio	电台	2017-06-26-07	202	1.0	0	0.0	202	2017-06-26	20170626
113	cp_radio	电台	2017-06-26-08	206	0.995169	1	0.004831	207	2017-06-26	20170626
113	cp_radio	电台	2017-06-26-09	725	0.997249	2	0.002751	727	2017-06-26	20170626
113	cp_radio	电台	2017-06-26-10	1257	0.998411	2	0.001589	1259	2017-06-26	20170626
113	cp_radio	电台	2017-06-26-11	1529	1.0	0	0.0	1529	2017-06-26	20170626
113	cp_radio	电台	2017-06-26-12	412	1.0	0	0.0	412	2017-06-26	20170626
113	cp_radio	电台	2017-06-26-13	833	1.0	0	0.0	833	2017-06-26	20170626
113	cp_radio	电台	2017-06-26-14	1632	1.0	0	0.0	1632	2017-06-26	20170626
113	cp_radio	电台	2017-06-26-15	2136	1.0	0	0.0	2136	2017-06-26	20170626
113	cp_radio	电台	2017-06-26-16	2095	1.0	0	0.0	2095	2017-06-26	20170626
113	cp_radio	电台	2017-06-26-17	2653	0.998119	5	0.001881	2658	2017-06-26	20170626
113	cp_radio	电台	2017-06-26-18	1364	0.99562	6	0.00438	1370	2017-06-26	20170626
113	cp_radio	电台	2017-06-26-19	845	1.0	0	0.0	845	2017-06-26	20170626
113	cp_radio	电台	2017-06-26-20	1380	1.0	0	0.0	1380	2017-06-26	20170626
113	cp_radio	电台	2017-06-26-21	991	1.0	0	0.0	991	2017-06-26	20170626
113	cp_radio	电台	2017-06-26-22	722	1.0	0	0.0	722	2017-06-26	20170626
113	cp_radio	电台	2017-06-26-23	305	1.0	0	0.0	305	2017-06-26	20170626
121	cp_city	城市统一编码查询	2017-06-26-15	1	1.0	0	0.0	1	2017-06-26	20170626
121	cp_city	城市统一编码查询	2017-06-26-22	1	1.0	0	0.0	1	2017-06-26	20170626
109	cp_weather	天气	2017-06-27-00	8	1.0	0	0.0	8	2017-06-27	20170627
109	cp_weather	天气	2017-06-27-01	8	1.0	0	0.0	8	2017-06-27	20170627
109	cp_weather	天气	2017-06-27-02	8	1.0	0	0.0	8	2017-06-27	20170627
109	cp_weather	天气	2017-06-27-03	6	1.0	0	0.0	6	2017-06-27	20170627
109	cp_weather	天气	2017-06-27-04	2	1.0	0	0.0	2	2017-06-27	20170627
109	cp_weather	天气	2017-06-27-05	2	1.0	0	0.0	2	2017-06-27	20170627
109	cp_weather	天气	2017-06-27-06	2	1.0	0	0.0	2	2017-06-27	20170627
109	cp_weather	天气	2017-06-27-07	2	1.0	0	0.0	2	2017-06-27	20170627
109	cp_weather	天气	2017-06-27-08	1	1.0	0	0.0	1	2017-06-27	20170627
109	cp_weather	天气	2017-06-27-09	2	1.0	0	0.0	2	2017-06-27	20170627
109	cp_weather	天气	2017-06-27-10	7	1.0	0	0.0	7	2017-06-27	20170627
109	cp_weather	天气	2017-06-27-11	11	1.0	0	0.0	11	2017-06-27	20170627
109	cp_weather	天气	2017-06-27-12	18	0.75	6	0.25	24	2017-06-27	20170627
109	cp_weather	天气	2017-06-27-13	21	1.0	0	0.0	21	2017-06-27	20170627
109	cp_weather	天气	2017-06-27-14	476	1.0	0	0.0	476	2017-06-27	20170627
109	cp_weather	天气	2017-06-27-15	18637	1.0	0	0.0	18637	2017-06-27	20170627
109	cp_weather	天气	2017-06-27-16	20	0.740741	7	0.259259	27	2017-06-27	20170627
109	cp_weather	天气	2017-06-27-17	21	1.0	0	0.0	21	2017-06-27	20170627
109	cp_weather	天气	2017-06-27-18	21	0.875	3	0.125	24	2017-06-27	20170627
109	cp_weather	天气	2017-06-27-19	26	0.866667	4	0.133333	30	2017-06-27	20170627
109	cp_weather	天气	2017-06-27-20	23	1.0	0	0.0	23	2017-06-27	20170627
109	cp_weather	天气	2017-06-27-21	20	1.0	0	0.0	20	2017-06-27	20170627
109	cp_weather	天气	2017-06-27-22	19	0.826087	4	0.173913	23	2017-06-27	20170627
109	cp_weather	天气	2017-06-27-23	19	1.0	0	0.0	19	2017-06-27	20170627
113	cp_radio	电台	2017-06-27-00	943	1.0	0	0.0	943	2017-06-27	20170627
113	cp_radio	电台	2017-06-27-01	326	1.0	0	0.0	326	2017-06-27	20170627
113	cp_radio	电台	2017-06-27-02	130	1.0	0	0.0	130	2017-06-27	20170627
113	cp_radio	电台	2017-06-27-03	89	1.0	0	0.0	89	2017-06-27	20170627
113	cp_radio	电台	2017-06-27-04	177	1.0	0	0.0	177	2017-06-27	20170627
113	cp_radio	电台	2017-06-27-05	136	1.0	0	0.0	136	2017-06-27	20170627
113	cp_radio	电台	2017-06-27-06	101	1.0	0	0.0	101	2017-06-27	20170627
113	cp_radio	电台	2017-06-27-07	179	1.0	0	0.0	179	2017-06-27	20170627
113	cp_radio	电台	2017-06-27-08	133	1.0	0	0.0	133	2017-06-27	20170627
113	cp_radio	电台	2017-06-27-09	1037	1.0	0	0.0	1037	2017-06-27	20170627
113	cp_radio	电台	2017-06-27-10	2504	1.0	0	0.0	2504	2017-06-27	20170627
113	cp_radio	电台	2017-06-27-11	2789	0.993587	18	0.006413	2807	2017-06-27	20170627
113	cp_radio	电台	2017-06-27-12	943	0.98847	11	0.01153	954	2017-06-27	20170627
113	cp_radio	电台	2017-06-27-13	1714	1.0	0	0.0	1714	2017-06-27	20170627
113	cp_radio	电台	2017-06-27-14	3372	1.0	0	0.0	3372	2017-06-27	20170627
113	cp_radio	电台	2017-06-27-15	4062	0.999016	4	9.84E-4	4066	2017-06-27	20170627
113	cp_radio	电台	2017-06-27-16	9333	0.999893	1	1.07E-4	9334	2017-06-27	20170627
113	cp_radio	电台	2017-06-27-17	72873	0.638347	41286	0.361653	114159	2017-06-27	20170627
113	cp_radio	电台	2017-06-27-18	2477	0.95674	112	0.04326	2589	2017-06-27	20170627
113	cp_radio	电台	2017-06-27-19	1913	1.0	0	0.0	1913	2017-06-27	20170627
113	cp_radio	电台	2017-06-27-20	1209	1.0	0	0.0	1209	2017-06-27	20170627
113	cp_radio	电台	2017-06-27-21	2092	1.0	0	0.0	2092	2017-06-27	20170627
113	cp_radio	电台	2017-06-27-22	2089	1.0	0	0.0	2089	2017-06-27	20170627
113	cp_radio	电台	2017-06-27-23	2049	1.0	0	0.0	2049	2017-06-27	20170627
117	cp_violate	违章查询	2017-06-27-16	2500	1.0	0	0.0	2500	2017-06-27	20170627
121	cp_city	城市统一编码查询	2017-06-27-01	1	1.0	0	0.0	1	2017-06-27	20170627
121	cp_city	城市统一编码查询	2017-06-27-19	3	1.0	0	0.0	3	2017-06-27	20170627
